Workbook
Name 날짜: 달력!A$6
Name 슬라이서_구분: #N/A
Name 슬라이서_날짜: #N/A
Name 슬라이서_시작일: #N/A
Name 슬라이서_우선순위1: #N/A
Name 슬라이서_월: #N/A
Name 슬라이서_진행상태: #N/A
Name 슬라이서_카테고리: #N/A

Sheet 달력
B6: =UPPER(TEXT(B7,"ddd")) -> SUN | F6: =UPPER(TEXT(F7,"ddd")) -> MON | J6: =UPPER(TEXT(J7,"ddd")) -> TUE | N6: =UPPER(TEXT(N7,"ddd")) -> WED | R6: =UPPER(TEXT(R7,"ddd")) -> THU | V6: =UPPER(TEXT(V7,"ddd")) -> FRI | Z6: =UPPER(TEXT(Z7,"ddd")) -> SAT
B7: =피벗!V3-피벗!W3+IF(피벗!AA3="월요일",2,1) -> 46264 | F7: =B7+1 -> 46265 | J7: =F7+1 -> 46266 | N7: =J7+1 -> 46267 | R7: =N7+1 -> 46268 | V7: =R7+1 -> 46269 | Z7: =V7+1 -> 46270 | AM7: =RAND() -> 0.8810188
B8: {=IFERROR(IF(COUNTIFS(할일표[날짜],B$7,할일표[업무],"<>")<1,"",INDEX(구분표[아이콘],MATCH(INDEX(할일표[구분],SMALL(IF((할일표[날짜]=B$7)*(할일표[업무]<>""),ROW(할일표[구분])-ROW(INDEX(할일표[구분],1))+1),1)),구분표[구분],0))),"")} | C8: {=IFERROR(IF(COUNTIFS(할일표[날짜],B$7,할일표[업무],"<>")<1,"",INDEX(할일표[표시],SMALL(IF((할일표[날짜]=B$7)*(할일표[업무]<>""),ROW(할일표[표시])-ROW(INDEX(할일표[표시],1))+1),1))),"")} | D8: {=IFERROR(IF(COUNTIFS(할일표[날짜],B$7,할일표[업무],"<>")<1,"",INDEX(할일표[업무],SMALL(IF((할일표[날짜]=B$7)*(할일표[업무]<>""),ROW(할일표[날짜])-피벗!$T$11),1))),"")} | E8: {=IFERROR(IF(COUNTIFS(할일표[날짜],B$7,할일표[업무],"<>")<1,"",INDEX(할일표[진행률],SMALL(IF((할일표[날짜]=B$7)*(할일표[업무]<>""),ROW(할일표[날짜])-피벗!$T$11),1))),"")} | F8: {=IFERROR(IF(COUNTIFS(할일표[날짜],F$7,할일표[업무],"<>")<1,"",INDEX(구분표[아이콘],MATCH(INDEX(할일표[구분],SMALL(IF((할일표[날짜]=F$7)*(할일표[업무]<>""),ROW(할일표[구분])-ROW(INDEX(할일표[구분],1))+1),1)),구분표[구분],0))),"")} | G8: {=IFERROR(IF(COUNTIFS(할일표[날짜],F$7,할일표[업무],"<>")<1,"",INDEX(할일표[표시],SMALL(IF((할일표[날짜]=F$7)*(할일표[업무]<>""),ROW(할일표[표시])-ROW(INDEX(할일표[표시],1))+1),1))),"")} | H8: {=IFERROR(IF(COUNTIFS(할일표[날짜],F$7,할일표[업무],"<>")<1,"",INDEX(할일표[업무],SMALL(IF((할일표[날짜]=F$7)*(할일표[업무]<>""),ROW(할일표[날짜])-피벗!$T$11),1))),"")} | I8: {=IFERROR(IF(COUNTIFS(할일표[날짜],F$7,할일표[업무],"<>")<1,"",INDEX(할일표[진행률],SMALL(IF((할일표[날짜]=F$7)*(할일표[업무]<>""),ROW(할일표[날짜])-피벗!$T$11),1))),"")} | J8: {=IFERROR(IF(COUNTIFS(할일표[날짜],J$7,할일표[업무],"<>")<1,"",INDEX(구분표[아이콘],MATCH(INDEX(할일표[구분],SMALL(IF((할일표[날짜]=J$7)*(할일표[업무]<>""),ROW(할일표[구분])-ROW(INDEX(할일표[구분],1))+1),1)),구분표[구분],0))),"")} | K8: {=IFERROR(IF(COUNTIFS(할일표[날짜],J$7,할일표[업무],"<>")<1,"",INDEX(할일표[표시],SMALL(IF((할일표[날짜]=J$7)*(할일표[업무]<>""),ROW(할일표[표시])-ROW(INDEX(할일표[표시],1))+1),1))),"")} | L8: {=IFERROR(IF(COUNTIFS(할일표[날짜],J$7,할일표[업무],"<>")<1,"",INDEX(할일표[업무],SMALL(IF((할일표[날짜]=J$7)*(할일표[업무]<>""),ROW(할일표[날짜])-피벗!$T$11),1))),"")} | M8: {=IFERROR(IF(COUNTIFS(할일표[날짜],J$7,할일표[업무],"<>")<1,"",INDEX(할일표[진행률],SMALL(IF((할일표[날짜]=J$7)*(할일표[업무]<>""),ROW(할일표[날짜])-피벗!$T$11),1))),"")} | N8: {=IFERROR(IF(COUNTIFS(할일표[날짜],N$7,할일표[업무],"<>")<1,"",INDEX(구분표[아이콘],MATCH(INDEX(할일표[구분],SMALL(IF((할일표[날짜]=N$7)*(할일표[업무]<>""),ROW(할일표[구분])-ROW(INDEX(할일표[구분],1))+1),1)),구분표[구분],0))),"")} | O8: {=IFERROR(IF(COUNTIFS(할일표[날짜],N$7,할일표[업무],"<>")<1,"",INDEX(할일표[표시],SMALL(IF((할일표[날짜]=N$7)*(할일표[업무]<>""),ROW(할일표[표시])-ROW(INDEX(할일표[표시],1))+1),1))),"")} | P8: {=IFERROR(IF(COUNTIFS(할일표[날짜],N$7,할일표[업무],"<>")<1,"",INDEX(할일표[업무],SMALL(IF((할일표[날짜]=N$7)*(할일표[업무]<>""),ROW(할일표[날짜])-피벗!$T$11),1))),"")} | Q8: {=IFERROR(IF(COUNTIFS(할일표[날짜],N$7,할일표[업무],"<>")<1,"",INDEX(할일표[진행률],SMALL(IF((할일표[날짜]=N$7)*(할일표[업무]<>""),ROW(할일표[날짜])-피벗!$T$11),1))),"")} | R8: {=IFERROR(IF(COUNTIFS(할일표[날짜],R$7,할일표[업무],"<>")<1,"",INDEX(구분표[아이콘],MATCH(INDEX(할일표[구분],SMALL(IF((할일표[날짜]=R$7)*(할일표[업무]<>""),ROW(할일표[구분])-ROW(INDEX(할일표[구분],1))+1),1)),구분표[구분],0))),"")} | S8: {=IFERROR(IF(COUNTIFS(할일표[날짜],R$7,할일표[업무],"<>")<1,"",INDEX(할일표[표시],SMALL(IF((할일표[날짜]=R$7)*(할일표[업무]<>""),ROW(할일표[표시])-ROW(INDEX(할일표[표시],1))+1),1))),"")} | T8: {=IFERROR(IF(COUNTIFS(할일표[날짜],R$7,할일표[업무],"<>")<1,"",INDEX(할일표[업무],SMALL(IF((할일표[날짜]=R$7)*(할일표[업무]<>""),ROW(할일표[날짜])-피벗!$T$11),1))),"")} | U8: {=IFERROR(IF(COUNTIFS(할일표[날짜],R$7,할일표[업무],"<>")<1,"",INDEX(할일표[진행률],SMALL(IF((할일표[날짜]=R$7)*(할일표[업무]<>""),ROW(할일표[날짜])-피벗!$T$11),1))),"")} | V8: {=IFERROR(IF(COUNTIFS(할일표[날짜],V$7,할일표[업무],"<>")<1,"",INDEX(구분표[아이콘],MATCH(INDEX(할일표[구분],SMALL(IF((할일표[날짜]=V$7)*(할일표[업무]<>""),ROW(할일표[구분])-ROW(INDEX(할일표[구분],1))+1),1)),구분표[구분],0))),"")} | W8: {=IFERROR(IF(COUNTIFS(할일표[날짜],V$7,할일표[업무],"<>")<1,"",INDEX(할일표[표시],SMALL(IF((할일표[날짜]=V$7)*(할일표[업무]<>""),ROW(할일표[표시])-ROW(INDEX(할일표[표시],1))+1),1))),"")} | X8: {=IFERROR(IF(COUNTIFS(할일표[날짜],V$7,할일표[업무],"<>")<1,"",INDEX(할일표[업무],SMALL(IF((할일표[날짜]=V$7)*(할일표[업무]<>""),ROW(할일표[날짜])-피벗!$T$11),1))),"")} | Y8: {=IFERROR(IF(COUNTIFS(할일표[날짜],V$7,할일표[업무],"<>")<1,"",INDEX(할일표[진행률],SMALL(IF((할일표[날짜]=V$7)*(할일표[업무]<>""),ROW(할일표[날짜])-피벗!$T$11),1))),"")} | Z8: {=IFERROR(IF(COUNTIFS(할일표[날짜],Z$7,할일표[업무],"<>")<1,"",INDEX(구분표[아이콘],MATCH(INDEX(할일표[구분],SMALL(IF((할일표[날짜]=Z$7)*(할일표[업무]<>""),ROW(할일표[구분])-ROW(INDEX(할일표[구분],1))+1),1)),구분표[구분],0))),"")} | AA8: {=IFERROR(IF(COUNTIFS(할일표[날짜],Z$7,할일표[업무],"<>")<1,"",INDEX(할일표[표시],SMALL(IF((할일표[날짜]=Z$7)*(할일표[업무]<>""),ROW(할일표[표시])-ROW(INDEX(할일표[표시],1))+1),1))),"")} | AB8: {=IFERROR(IF(COUNTIFS(할일표[날짜],Z$7,할일표[업무],"<>")<1,"",INDEX(할일표[업무],SMALL(IF((할일표[날짜]=Z$7)*(할일표[업무]<>""),ROW(할일표[날짜])-피벗!$T$11),1))),"")} | AC8: {=IFERROR(IF(COUNTIFS(할일표[날짜],Z$7,할일표[업무],"<>")<1,"",INDEX(할일표[진행률],SMALL(IF((할일표[날짜]=Z$7)*(할일표[업무]<>""),ROW(할일표[날짜])-피벗!$T$11),1))),"")} | AL8: =RAND() -> 0.15094835 | AM8: =RAND() -> 0.25580972 | AN8: =RAND() -> 0.52156365
B9: {=IFERROR(IF(COUNTIFS(할일표[날짜],B$7,할일표[업무],"<>")<2,"",INDEX(구분표[아이콘],MATCH(INDEX(할일표[구분],SMALL(IF((할일표[날짜]=B$7)*(할일표[업무]<>""),ROW(할일표[구분])-ROW(INDEX(할일표[구분],1))+1),2)),구분표[구분],0))),"")} | C9: {=IFERROR(IF(COUNTIFS(할일표[날짜],B$7,할일표[업무],"<>")<2,"",INDEX(할일표[표시],SMALL(IF((할일표[날짜]=B$7)*(할일표[업무]<>""),ROW(할일표[표시])-ROW(INDEX(할일표[표시],1))+1),2))),"")} | D9: {=IFERROR(IF(COUNTIFS(할일표[날짜],B$7,할일표[업무],"<>")<2,"",INDEX(할일표[업무],SMALL(IF((할일표[날짜]=B$7)*(할일표[업무]<>""),ROW(할일표[날짜])-피벗!$T$11),2))),"")} | E9: {=IFERROR(IF(COUNTIFS(할일표[날짜],B$7,할일표[업무],"<>")<2,"",INDEX(할일표[진행률],SMALL(IF((할일표[날짜]=B$7)*(할일표[업무]<>""),ROW(할일표[날짜])-피벗!$T$11),2))),"")} | F9: {=IFERROR(IF(COUNTIFS(할일표[날짜],F$7,할일표[업무],"<>")<2,"",INDEX(구분표[아이콘],MATCH(INDEX(할일표[구분],SMALL(IF((할일표[날짜]=F$7)*(할일표[업무]<>""),ROW(할일표[구분])-ROW(INDEX(할일표[구분],1))+1),2)),구분표[구분],0))),"")} | G9: {=IFERROR(IF(COUNTIFS(할일표[날짜],F$7,할일표[업무],"<>")<2,"",INDEX(할일표[표시],SMALL(IF((할일표[날짜]=F$7)*(할일표[업무]<>""),ROW(할일표[표시])-ROW(INDEX(할일표[표시],1))+1),2))),"")} | H9: {=IFERROR(IF(COUNTIFS(할일표[날짜],F$7,할일표[업무],"<>")<2,"",INDEX(할일표[업무],SMALL(IF((할일표[날짜]=F$7)*(할일표[업무]<>""),ROW(할일표[날짜])-피벗!$T$11),2))),"")} | I9: {=IFERROR(IF(COUNTIFS(할일표[날짜],F$7,할일표[업무],"<>")<2,"",INDEX(할일표[진행률],SMALL(IF((할일표[날짜]=F$7)*(할일표[업무]<>""),ROW(할일표[날짜])-피벗!$T$11),2))),"")} | J9: {=IFERROR(IF(COUNTIFS(할일표[날짜],J$7,할일표[업무],"<>")<2,"",INDEX(구분표[아이콘],MATCH(INDEX(할일표[구분],SMALL(IF((할일표[날짜]=J$7)*(할일표[업무]<>""),ROW(할일표[구분])-ROW(INDEX(할일표[구분],1))+1),2)),구분표[구분],0))),"")} | K9: {=IFERROR(IF(COUNTIFS(할일표[날짜],J$7,할일표[업무],"<>")<2,"",INDEX(할일표[표시],SMALL(IF((할일표[날짜]=J$7)*(할일표[업무]<>""),ROW(할일표[표시])-ROW(INDEX(할일표[표시],1))+1),2))),"")} | L9: {=IFERROR(IF(COUNTIFS(할일표[날짜],J$7,할일표[업무],"<>")<2,"",INDEX(할일표[업무],SMALL(IF((할일표[날짜]=J$7)*(할일표[업무]<>""),ROW(할일표[날짜])-피벗!$T$11),2))),"")} | M9: {=IFERROR(IF(COUNTIFS(할일표[날짜],J$7,할일표[업무],"<>")<2,"",INDEX(할일표[진행률],SMALL(IF((할일표[날짜]=J$7)*(할일표[업무]<>""),ROW(할일표[날짜])-피벗!$T$11),2))),"")} | N9: {=IFERROR(IF(COUNTIFS(할일표[날짜],N$7,할일표[업무],"<>")<2,"",INDEX(구분표[아이콘],MATCH(INDEX(할일표[구분],SMALL(IF((할일표[날짜]=N$7)*(할일표[업무]<>""),ROW(할일표[구분])-ROW(INDEX(할일표[구분],1))+1),2)),구분표[구분],0))),"")} | O9: {=IFERROR(IF(COUNTIFS(할일표[날짜],N$7,할일표[업무],"<>")<2,"",INDEX(할일표[표시],SMALL(IF((할일표[날짜]=N$7)*(할일표[업무]<>""),ROW(할일표[표시])-ROW(INDEX(할일표[표시],1))+1),2))),"")} | P9: {=IFERROR(IF(COUNTIFS(할일표[날짜],N$7,할일표[업무],"<>")<2,"",INDEX(할일표[업무],SMALL(IF((할일표[날짜]=N$7)*(할일표[업무]<>""),ROW(할일표[날짜])-피벗!$T$11),2))),"")} | Q9: {=IFERROR(IF(COUNTIFS(할일표[날짜],N$7,할일표[업무],"<>")<2,"",INDEX(할일표[진행률],SMALL(IF((할일표[날짜]=N$7)*(할일표[업무]<>""),ROW(할일표[날짜])-피벗!$T$11),2))),"")} | R9: {=IFERROR(IF(COUNTIFS(할일표[날짜],R$7,할일표[업무],"<>")<2,"",INDEX(구분표[아이콘],MATCH(INDEX(할일표[구분],SMALL(IF((할일표[날짜]=R$7)*(할일표[업무]<>""),ROW(할일표[구분])-ROW(INDEX(할일표[구분],1))+1),2)),구분표[구분],0))),"")} | S9: {=IFERROR(IF(COUNTIFS(할일표[날짜],R$7,할일표[업무],"<>")<2,"",INDEX(할일표[표시],SMALL(IF((할일표[날짜]=R$7)*(할일표[업무]<>""),ROW(할일표[표시])-ROW(INDEX(할일표[표시],1))+1),2))),"")} | T9: {=IFERROR(IF(COUNTIFS(할일표[날짜],R$7,할일표[업무],"<>")<2,"",INDEX(할일표[업무],SMALL(IF((할일표[날짜]=R$7)*(할일표[업무]<>""),ROW(할일표[날짜])-피벗!$T$11),2))),"")} | U9: {=IFERROR(IF(COUNTIFS(할일표[날짜],R$7,할일표[업무],"<>")<2,"",INDEX(할일표[진행률],SMALL(IF((할일표[날짜]=R$7)*(할일표[업무]<>""),ROW(할일표[날짜])-피벗!$T$11),2))),"")} | V9: {=IFERROR(IF(COUNTIFS(할일표[날짜],V$7,할일표[업무],"<>")<2,"",INDEX(구분표[아이콘],MATCH(INDEX(할일표[구분],SMALL(IF((할일표[날짜]=V$7)*(할일표[업무]<>""),ROW(할일표[구분])-ROW(INDEX(할일표[구분],1))+1),2)),구분표[구분],0))),"")} | W9: {=IFERROR(IF(COUNTIFS(할일표[날짜],V$7,할일표[업무],"<>")<2,"",INDEX(할일표[표시],SMALL(IF((할일표[날짜]=V$7)*(할일표[업무]<>""),ROW(할일표[표시])-ROW(INDEX(할일표[표시],1))+1),2))),"")} | X9: {=IFERROR(IF(COUNTIFS(할일표[날짜],V$7,할일표[업무],"<>")<2,"",INDEX(할일표[업무],SMALL(IF((할일표[날짜]=V$7)*(할일표[업무]<>""),ROW(할일표[날짜])-피벗!$T$11),2))),"")} | Y9: {=IFERROR(IF(COUNTIFS(할일표[날짜],V$7,할일표[업무],"<>")<2,"",INDEX(할일표[진행률],SMALL(IF((할일표[날짜]=V$7)*(할일표[업무]<>""),ROW(할일표[날짜])-피벗!$T$11),2))),"")} | Z9: {=IFERROR(IF(COUNTIFS(할일표[날짜],Z$7,할일표[업무],"<>")<2,"",INDEX(구분표[아이콘],MATCH(INDEX(할일표[구분],SMALL(IF((할일표[날짜]=Z$7)*(할일표[업무]<>""),ROW(할일표[구분])-ROW(INDEX(할일표[구분],1))+1),2)),구분표[구분],0))),"")} | AA9: {=IFERROR(IF(COUNTIFS(할일표[날짜],Z$7,할일표[업무],"<>")<2,"",INDEX(할일표[표시],SMALL(IF((할일표[날짜]=Z$7)*(할일표[업무]<>""),ROW(할일표[표시])-ROW(INDEX(할일표[표시],1))+1),2))),"")} | AB9: {=IFERROR(IF(COUNTIFS(할일표[날짜],Z$7,할일표[업무],"<>")<2,"",INDEX(할일표[업무],SMALL(IF((할일표[날짜]=Z$7)*(할일표[업무]<>""),ROW(할일표[날짜])-피벗!$T$11),2))),"")} | AC9: {=IFERROR(IF(COUNTIFS(할일표[날짜],Z$7,할일표[업무],"<>")<2,"",INDEX(할일표[진행률],SMALL(IF((할일표[날짜]=Z$7)*(할일표[업무]<>""),ROW(할일표[날짜])-피벗!$T$11),2))),"")} | AL9: =RAND() -> 0.68862111 | AM9: =RAND() -> 0.081890282 | AN9: =RAND() -> 0.58658144
B10: {=IFERROR(IF(COUNTIFS(할일표[날짜],B$7,할일표[업무],"<>")<3,"",INDEX(구분표[아이콘],MATCH(INDEX(할일표[구분],SMALL(IF((할일표[날짜]=B$7)*(할일표[업무]<>""),ROW(할일표[구분])-ROW(INDEX(할일표[구분],1))+1),3)),구분표[구분],0))),"")} | C10: {=IFERROR(IF(COUNTIFS(할일표[날짜],B$7,할일표[업무],"<>")<3,"",INDEX(할일표[표시],SMALL(IF((할일표[날짜]=B$7)*(할일표[업무]<>""),ROW(할일표[표시])-ROW(INDEX(할일표[표시],1))+1),3))),"")} | D10: {=IFERROR(IF(COUNTIFS(할일표[날짜],B$7,할일표[업무],"<>")<3,"",INDEX(할일표[업무],SMALL(IF((할일표[날짜]=B$7)*(할일표[업무]<>""),ROW(할일표[날짜])-피벗!$T$11),3))),"")} | E10: {=IFERROR(IF(COUNTIFS(할일표[날짜],B$7,할일표[업무],"<>")<3,"",INDEX(할일표[진행률],SMALL(IF((할일표[날짜]=B$7)*(할일표[업무]<>""),ROW(할일표[날짜])-피벗!$T$11),3))),"")} | F10: {=IFERROR(IF(COUNTIFS(할일표[날짜],F$7,할일표[업무],"<>")<3,"",INDEX(구분표[아이콘],MATCH(INDEX(할일표[구분],SMALL(IF((할일표[날짜]=F$7)*(할일표[업무]<>""),ROW(할일표[구분])-ROW(INDEX(할일표[구분],1))+1),3)),구분표[구분],0))),"")} | G10: {=IFERROR(IF(COUNTIFS(할일표[날짜],F$7,할일표[업무],"<>")<3,"",INDEX(할일표[표시],SMALL(IF((할일표[날짜]=F$7)*(할일표[업무]<>""),ROW(할일표[표시])-ROW(INDEX(할일표[표시],1))+1),3))),"")} | H10: {=IFERROR(IF(COUNTIFS(할일표[날짜],F$7,할일표[업무],"<>")<3,"",INDEX(할일표[업무],SMALL(IF((할일표[날짜]=F$7)*(할일표[업무]<>""),ROW(할일표[날짜])-피벗!$T$11),3))),"")} | I10: {=IFERROR(IF(COUNTIFS(할일표[날짜],F$7,할일표[업무],"<>")<3,"",INDEX(할일표[진행률],SMALL(IF((할일표[날짜]=F$7)*(할일표[업무]<>""),ROW(할일표[날짜])-피벗!$T$11),3))),"")} | J10: {=IFERROR(IF(COUNTIFS(할일표[날짜],J$7,할일표[업무],"<>")<3,"",INDEX(구분표[아이콘],MATCH(INDEX(할일표[구분],SMALL(IF((할일표[날짜]=J$7)*(할일표[업무]<>""),ROW(할일표[구분])-ROW(INDEX(할일표[구분],1))+1),3)),구분표[구분],0))),"")} | K10: {=IFERROR(IF(COUNTIFS(할일표[날짜],J$7,할일표[업무],"<>")<3,"",INDEX(할일표[표시],SMALL(IF((할일표[날짜]=J$7)*(할일표[업무]<>""),ROW(할일표[표시])-ROW(INDEX(할일표[표시],1))+1),3))),"")} | L10: {=IFERROR(IF(COUNTIFS(할일표[날짜],J$7,할일표[업무],"<>")<3,"",INDEX(할일표[업무],SMALL(IF((할일표[날짜]=J$7)*(할일표[업무]<>""),ROW(할일표[날짜])-피벗!$T$11),3))),"")} | M10: {=IFERROR(IF(COUNTIFS(할일표[날짜],J$7,할일표[업무],"<>")<3,"",INDEX(할일표[진행률],SMALL(IF((할일표[날짜]=J$7)*(할일표[업무]<>""),ROW(할일표[날짜])-피벗!$T$11),3))),"")} | N10: {=IFERROR(IF(COUNTIFS(할일표[날짜],N$7,할일표[업무],"<>")<3,"",INDEX(구분표[아이콘],MATCH(INDEX(할일표[구분],SMALL(IF((할일표[날짜]=N$7)*(할일표[업무]<>""),ROW(할일표[구분])-ROW(INDEX(할일표[구분],1))+1),3)),구분표[구분],0))),"")} | O10: {=IFERROR(IF(COUNTIFS(할일표[날짜],N$7,할일표[업무],"<>")<3,"",INDEX(할일표[표시],SMALL(IF((할일표[날짜]=N$7)*(할일표[업무]<>""),ROW(할일표[표시])-ROW(INDEX(할일표[표시],1))+1),3))),"")} | P10: {=IFERROR(IF(COUNTIFS(할일표[날짜],N$7,할일표[업무],"<>")<3,"",INDEX(할일표[업무],SMALL(IF((할일표[날짜]=N$7)*(할일표[업무]<>""),ROW(할일표[날짜])-피벗!$T$11),3))),"")} | Q10: {=IFERROR(IF(COUNTIFS(할일표[날짜],N$7,할일표[업무],"<>")<3,"",INDEX(할일표[진행률],SMALL(IF((할일표[날짜]=N$7)*(할일표[업무]<>""),ROW(할일표[날짜])-피벗!$T$11),3))),"")} | R10: {=IFERROR(IF(COUNTIFS(할일표[날짜],R$7,할일표[업무],"<>")<3,"",INDEX(구분표[아이콘],MATCH(INDEX(할일표[구분],SMALL(IF((할일표[날짜]=R$7)*(할일표[업무]<>""),ROW(할일표[구분])-ROW(INDEX(할일표[구분],1))+1),3)),구분표[구분],0))),"")} | S10: {=IFERROR(IF(COUNTIFS(할일표[날짜],R$7,할일표[업무],"<>")<3,"",INDEX(할일표[표시],SMALL(IF((할일표[날짜]=R$7)*(할일표[업무]<>""),ROW(할일표[표시])-ROW(INDEX(할일표[표시],1))+1),3))),"")} | T10: {=IFERROR(IF(COUNTIFS(할일표[날짜],R$7,할일표[업무],"<>")<3,"",INDEX(할일표[업무],SMALL(IF((할일표[날짜]=R$7)*(할일표[업무]<>""),ROW(할일표[날짜])-피벗!$T$11),3))),"")} | U10: {=IFERROR(IF(COUNTIFS(할일표[날짜],R$7,할일표[업무],"<>")<3,"",INDEX(할일표[진행률],SMALL(IF((할일표[날짜]=R$7)*(할일표[업무]<>""),ROW(할일표[날짜])-피벗!$T$11),3))),"")} | V10: {=IFERROR(IF(COUNTIFS(할일표[날짜],V$7,할일표[업무],"<>")<3,"",INDEX(구분표[아이콘],MATCH(INDEX(할일표[구분],SMALL(IF((할일표[날짜]=V$7)*(할일표[업무]<>""),ROW(할일표[구분])-ROW(INDEX(할일표[구분],1))+1),3)),구분표[구분],0))),"")} | W10: {=IFERROR(IF(COUNTIFS(할일표[날짜],V$7,할일표[업무],"<>")<3,"",INDEX(할일표[표시],SMALL(IF((할일표[날짜]=V$7)*(할일표[업무]<>""),ROW(할일표[표시])-ROW(INDEX(할일표[표시],1))+1),3))),"")} | X10: {=IFERROR(IF(COUNTIFS(할일표[날짜],V$7,할일표[업무],"<>")<3,"",INDEX(할일표[업무],SMALL(IF((할일표[날짜]=V$7)*(할일표[업무]<>""),ROW(할일표[날짜])-피벗!$T$11),3))),"")} | Y10: {=IFERROR(IF(COUNTIFS(할일표[날짜],V$7,할일표[업무],"<>")<3,"",INDEX(할일표[진행률],SMALL(IF((할일표[날짜]=V$7)*(할일표[업무]<>""),ROW(할일표[날짜])-피벗!$T$11),3))),"")} | Z10: {=IFERROR(IF(COUNTIFS(할일표[날짜],Z$7,할일표[업무],"<>")<3,"",INDEX(구분표[아이콘],MATCH(INDEX(할일표[구분],SMALL(IF((할일표[날짜]=Z$7)*(할일표[업무]<>""),ROW(할일표[구분])-ROW(INDEX(할일표[구분],1))+1),3)),구분표[구분],0))),"")} | AA10: {=IFERROR(IF(COUNTIFS(할일표[날짜],Z$7,할일표[업무],"<>")<3,"",INDEX(할일표[표시],SMALL(IF((할일표[날짜]=Z$7)*(할일표[업무]<>""),ROW(할일표[표시])-ROW(INDEX(할일표[표시],1))+1),3))),"")} | AB10: {=IFERROR(IF(COUNTIFS(할일표[날짜],Z$7,할일표[업무],"<>")<3,"",INDEX(할일표[업무],SMALL(IF((할일표[날짜]=Z$7)*(할일표[업무]<>""),ROW(할일표[날짜])-피벗!$T$11),3))),"")} | AC10: {=IFERROR(IF(COUNTIFS(할일표[날짜],Z$7,할일표[업무],"<>")<3,"",INDEX(할일표[진행률],SMALL(IF((할일표[날짜]=Z$7)*(할일표[업무]<>""),ROW(할일표[날짜])-피벗!$T$11),3))),"")} | AK10: =RAND() -> 0.83110692 | AL10: =RAND() -> 0.091095997 | AM10: =RAND() -> 0.63991662 | AN10: =RAND() -> 0.88203592 | AO10: =RAND() -> 0.58838301
B11: {=IFERROR(IF(COUNTIFS(할일표[날짜],B$7,할일표[업무],"<>")<4,"",INDEX(구분표[아이콘],MATCH(INDEX(할일표[구분],SMALL(IF((할일표[날짜]=B$7)*(할일표[업무]<>""),ROW(할일표[구분])-ROW(INDEX(할일표[구분],1))+1),4)),구분표[구분],0))),"")} | C11: {=IFERROR(IF(COUNTIFS(할일표[날짜],B$7,할일표[업무],"<>")<4,"",INDEX(할일표[표시],SMALL(IF((할일표[날짜]=B$7)*(할일표[업무]<>""),ROW(할일표[표시])-ROW(INDEX(할일표[표시],1))+1),4))),"")} | D11: {=IFERROR(IF(COUNTIFS(할일표[날짜],B$7,할일표[업무],"<>")<4,"",INDEX(할일표[업무],SMALL(IF((할일표[날짜]=B$7)*(할일표[업무]<>""),ROW(할일표[날짜])-피벗!$T$11),4))),"")} | E11: {=IFERROR(IF(COUNTIFS(할일표[날짜],B$7,할일표[업무],"<>")<4,"",INDEX(할일표[진행률],SMALL(IF((할일표[날짜]=B$7)*(할일표[업무]<>""),ROW(할일표[날짜])-피벗!$T$11),4))),"")} | F11: {=IFERROR(IF(COUNTIFS(할일표[날짜],F$7,할일표[업무],"<>")<4,"",INDEX(구분표[아이콘],MATCH(INDEX(할일표[구분],SMALL(IF((할일표[날짜]=F$7)*(할일표[업무]<>""),ROW(할일표[구분])-ROW(INDEX(할일표[구분],1))+1),4)),구분표[구분],0))),"")} | G11: {=IFERROR(IF(COUNTIFS(할일표[날짜],F$7,할일표[업무],"<>")<4,"",INDEX(할일표[표시],SMALL(IF((할일표[날짜]=F$7)*(할일표[업무]<>""),ROW(할일표[표시])-ROW(INDEX(할일표[표시],1))+1),4))),"")} | H11: {=IFERROR(IF(COUNTIFS(할일표[날짜],F$7,할일표[업무],"<>")<4,"",INDEX(할일표[업무],SMALL(IF((할일표[날짜]=F$7)*(할일표[업무]<>""),ROW(할일표[날짜])-피벗!$T$11),4))),"")} | I11: {=IFERROR(IF(COUNTIFS(할일표[날짜],F$7,할일표[업무],"<>")<4,"",INDEX(할일표[진행률],SMALL(IF((할일표[날짜]=F$7)*(할일표[업무]<>""),ROW(할일표[날짜])-피벗!$T$11),4))),"")} | J11: {=IFERROR(IF(COUNTIFS(할일표[날짜],J$7,할일표[업무],"<>")<4,"",INDEX(구분표[아이콘],MATCH(INDEX(할일표[구분],SMALL(IF((할일표[날짜]=J$7)*(할일표[업무]<>""),ROW(할일표[구분])-ROW(INDEX(할일표[구분],1))+1),4)),구분표[구분],0))),"")} | K11: {=IFERROR(IF(COUNTIFS(할일표[날짜],J$7,할일표[업무],"<>")<4,"",INDEX(할일표[표시],SMALL(IF((할일표[날짜]=J$7)*(할일표[업무]<>""),ROW(할일표[표시])-ROW(INDEX(할일표[표시],1))+1),4))),"")} | L11: {=IFERROR(IF(COUNTIFS(할일표[날짜],J$7,할일표[업무],"<>")<4,"",INDEX(할일표[업무],SMALL(IF((할일표[날짜]=J$7)*(할일표[업무]<>""),ROW(할일표[날짜])-피벗!$T$11),4))),"")} | M11: {=IFERROR(IF(COUNTIFS(할일표[날짜],J$7,할일표[업무],"<>")<4,"",INDEX(할일표[진행률],SMALL(IF((할일표[날짜]=J$7)*(할일표[업무]<>""),ROW(할일표[날짜])-피벗!$T$11),4))),"")} | N11: {=IFERROR(IF(COUNTIFS(할일표[날짜],N$7,할일표[업무],"<>")<4,"",INDEX(구분표[아이콘],MATCH(INDEX(할일표[구분],SMALL(IF((할일표[날짜]=N$7)*(할일표[업무]<>""),ROW(할일표[구분])-ROW(INDEX(할일표[구분],1))+1),4)),구분표[구분],0))),"")} | O11: {=IFERROR(IF(COUNTIFS(할일표[날짜],N$7,할일표[업무],"<>")<4,"",INDEX(할일표[표시],SMALL(IF((할일표[날짜]=N$7)*(할일표[업무]<>""),ROW(할일표[표시])-ROW(INDEX(할일표[표시],1))+1),4))),"")} | P11: {=IFERROR(IF(COUNTIFS(할일표[날짜],N$7,할일표[업무],"<>")<4,"",INDEX(할일표[업무],SMALL(IF((할일표[날짜]=N$7)*(할일표[업무]<>""),ROW(할일표[날짜])-피벗!$T$11),4))),"")} | Q11: {=IFERROR(IF(COUNTIFS(할일표[날짜],N$7,할일표[업무],"<>")<4,"",INDEX(할일표[진행률],SMALL(IF((할일표[날짜]=N$7)*(할일표[업무]<>""),ROW(할일표[날짜])-피벗!$T$11),4))),"")} | R11: {=IFERROR(IF(COUNTIFS(할일표[날짜],R$7,할일표[업무],"<>")<4,"",INDEX(구분표[아이콘],MATCH(INDEX(할일표[구분],SMALL(IF((할일표[날짜]=R$7)*(할일표[업무]<>""),ROW(할일표[구분])-ROW(INDEX(할일표[구분],1))+1),4)),구분표[구분],0))),"")} | S11: {=IFERROR(IF(COUNTIFS(할일표[날짜],R$7,할일표[업무],"<>")<4,"",INDEX(할일표[표시],SMALL(IF((할일표[날짜]=R$7)*(할일표[업무]<>""),ROW(할일표[표시])-ROW(INDEX(할일표[표시],1))+1),4))),"")} | T11: {=IFERROR(IF(COUNTIFS(할일표[날짜],R$7,할일표[업무],"<>")<4,"",INDEX(할일표[업무],SMALL(IF((할일표[날짜]=R$7)*(할일표[업무]<>""),ROW(할일표[날짜])-피벗!$T$11),4))),"")} | U11: {=IFERROR(IF(COUNTIFS(할일표[날짜],R$7,할일표[업무],"<>")<4,"",INDEX(할일표[진행률],SMALL(IF((할일표[날짜]=R$7)*(할일표[업무]<>""),ROW(할일표[날짜])-피벗!$T$11),4))),"")} | V11: {=IFERROR(IF(COUNTIFS(할일표[날짜],V$7,할일표[업무],"<>")<4,"",INDEX(구분표[아이콘],MATCH(INDEX(할일표[구분],SMALL(IF((할일표[날짜]=V$7)*(할일표[업무]<>""),ROW(할일표[구분])-ROW(INDEX(할일표[구분],1))+1),4)),구분표[구분],0))),"")} | W11: {=IFERROR(IF(COUNTIFS(할일표[날짜],V$7,할일표[업무],"<>")<4,"",INDEX(할일표[표시],SMALL(IF((할일표[날짜]=V$7)*(할일표[업무]<>""),ROW(할일표[표시])-ROW(INDEX(할일표[표시],1))+1),4))),"")} | X11: {=IFERROR(IF(COUNTIFS(할일표[날짜],V$7,할일표[업무],"<>")<4,"",INDEX(할일표[업무],SMALL(IF((할일표[날짜]=V$7)*(할일표[업무]<>""),ROW(할일표[날짜])-피벗!$T$11),4))),"")} | Y11: {=IFERROR(IF(COUNTIFS(할일표[날짜],V$7,할일표[업무],"<>")<4,"",INDEX(할일표[진행률],SMALL(IF((할일표[날짜]=V$7)*(할일표[업무]<>""),ROW(할일표[날짜])-피벗!$T$11),4))),"")} | Z11: {=IFERROR(IF(COUNTIFS(할일표[날짜],Z$7,할일표[업무],"<>")<4,"",INDEX(구분표[아이콘],MATCH(INDEX(할일표[구분],SMALL(IF((할일표[날짜]=Z$7)*(할일표[업무]<>""),ROW(할일표[구분])-ROW(INDEX(할일표[구분],1))+1),4)),구분표[구분],0))),"")} | AA11: {=IFERROR(IF(COUNTIFS(할일표[날짜],Z$7,할일표[업무],"<>")<4,"",INDEX(할일표[표시],SMALL(IF((할일표[날짜]=Z$7)*(할일표[업무]<>""),ROW(할일표[표시])-ROW(INDEX(할일표[표시],1))+1),4))),"")} | AB11: {=IFERROR(IF(COUNTIFS(할일표[날짜],Z$7,할일표[업무],"<>")<4,"",INDEX(할일표[업무],SMALL(IF((할일표[날짜]=Z$7)*(할일표[업무]<>""),ROW(할일표[날짜])-피벗!$T$11),4))),"")} | AC11: {=IFERROR(IF(COUNTIFS(할일표[날짜],Z$7,할일표[업무],"<>")<4,"",INDEX(할일표[진행률],SMALL(IF((할일표[날짜]=Z$7)*(할일표[업무]<>""),ROW(할일표[날짜])-피벗!$T$11),4))),"")} | AJ11: =RAND() -> 0.77701427 | AK11: =RAND() -> 0.9785631 | AL11: =RAND() -> 0.55515455 | AM11: =RAND() -> 0.52518972 | AN11: =RAND() -> 0.58953972 | AO11: =RAND() -> 0.076561397 | AP11: =RAND() -> 0.36195433
B12: {=IFERROR(IF(COUNTIFS(할일표[날짜],B$7,할일표[업무],"<>")<5,"",INDEX(구분표[아이콘],MATCH(INDEX(할일표[구분],SMALL(IF((할일표[날짜]=B$7)*(할일표[업무]<>""),ROW(할일표[구분])-ROW(INDEX(할일표[구분],1))+1),5)),구분표[구분],0))),"")} | C12: {=IFERROR(IF(COUNTIFS(할일표[날짜],B$7,할일표[업무],"<>")<5,"",INDEX(할일표[표시],SMALL(IF((할일표[날짜]=B$7)*(할일표[업무]<>""),ROW(할일표[표시])-ROW(INDEX(할일표[표시],1))+1),5))),"")} | D12: {=IFERROR(IF(COUNTIFS(할일표[날짜],B$7,할일표[업무],"<>")<5,"",INDEX(할일표[업무],SMALL(IF((할일표[날짜]=B$7)*(할일표[업무]<>""),ROW(할일표[날짜])-피벗!$T$11),5))),"")} | E12: {=IFERROR(IF(COUNTIFS(할일표[날짜],B$7,할일표[업무],"<>")<5,"",INDEX(할일표[진행률],SMALL(IF((할일표[날짜]=B$7)*(할일표[업무]<>""),ROW(할일표[날짜])-피벗!$T$11),5))),"")} | F12: {=IFERROR(IF(COUNTIFS(할일표[날짜],F$7,할일표[업무],"<>")<5,"",INDEX(구분표[아이콘],MATCH(INDEX(할일표[구분],SMALL(IF((할일표[날짜]=F$7)*(할일표[업무]<>""),ROW(할일표[구분])-ROW(INDEX(할일표[구분],1))+1),5)),구분표[구분],0))),"")} | G12: {=IFERROR(IF(COUNTIFS(할일표[날짜],F$7,할일표[업무],"<>")<5,"",INDEX(할일표[표시],SMALL(IF((할일표[날짜]=F$7)*(할일표[업무]<>""),ROW(할일표[표시])-ROW(INDEX(할일표[표시],1))+1),5))),"")} | H12: {=IFERROR(IF(COUNTIFS(할일표[날짜],F$7,할일표[업무],"<>")<5,"",INDEX(할일표[업무],SMALL(IF((할일표[날짜]=F$7)*(할일표[업무]<>""),ROW(할일표[날짜])-피벗!$T$11),5))),"")} | I12: {=IFERROR(IF(COUNTIFS(할일표[날짜],F$7,할일표[업무],"<>")<5,"",INDEX(할일표[진행률],SMALL(IF((할일표[날짜]=F$7)*(할일표[업무]<>""),ROW(할일표[날짜])-피벗!$T$11),5))),"")} | J12: {=IFERROR(IF(COUNTIFS(할일표[날짜],J$7,할일표[업무],"<>")<5,"",INDEX(구분표[아이콘],MATCH(INDEX(할일표[구분],SMALL(IF((할일표[날짜]=J$7)*(할일표[업무]<>""),ROW(할일표[구분])-ROW(INDEX(할일표[구분],1))+1),5)),구분표[구분],0))),"")} | K12: {=IFERROR(IF(COUNTIFS(할일표[날짜],J$7,할일표[업무],"<>")<5,"",INDEX(할일표[표시],SMALL(IF((할일표[날짜]=J$7)*(할일표[업무]<>""),ROW(할일표[표시])-ROW(INDEX(할일표[표시],1))+1),5))),"")} | L12: {=IFERROR(IF(COUNTIFS(할일표[날짜],J$7,할일표[업무],"<>")<5,"",INDEX(할일표[업무],SMALL(IF((할일표[날짜]=J$7)*(할일표[업무]<>""),ROW(할일표[날짜])-피벗!$T$11),5))),"")} | M12: {=IFERROR(IF(COUNTIFS(할일표[날짜],J$7,할일표[업무],"<>")<5,"",INDEX(할일표[진행률],SMALL(IF((할일표[날짜]=J$7)*(할일표[업무]<>""),ROW(할일표[날짜])-피벗!$T$11),5))),"")} | N12: {=IFERROR(IF(COUNTIFS(할일표[날짜],N$7,할일표[업무],"<>")<5,"",INDEX(구분표[아이콘],MATCH(INDEX(할일표[구분],SMALL(IF((할일표[날짜]=N$7)*(할일표[업무]<>""),ROW(할일표[구분])-ROW(INDEX(할일표[구분],1))+1),5)),구분표[구분],0))),"")} | O12: {=IFERROR(IF(COUNTIFS(할일표[날짜],N$7,할일표[업무],"<>")<5,"",INDEX(할일표[표시],SMALL(IF((할일표[날짜]=N$7)*(할일표[업무]<>""),ROW(할일표[표시])-ROW(INDEX(할일표[표시],1))+1),5))),"")} | P12: {=IFERROR(IF(COUNTIFS(할일표[날짜],N$7,할일표[업무],"<>")<5,"",INDEX(할일표[업무],SMALL(IF((할일표[날짜]=N$7)*(할일표[업무]<>""),ROW(할일표[날짜])-피벗!$T$11),5))),"")} | Q12: {=IFERROR(IF(COUNTIFS(할일표[날짜],N$7,할일표[업무],"<>")<5,"",INDEX(할일표[진행률],SMALL(IF((할일표[날짜]=N$7)*(할일표[업무]<>""),ROW(할일표[날짜])-피벗!$T$11),5))),"")} | R12: {=IFERROR(IF(COUNTIFS(할일표[날짜],R$7,할일표[업무],"<>")<5,"",INDEX(구분표[아이콘],MATCH(INDEX(할일표[구분],SMALL(IF((할일표[날짜]=R$7)*(할일표[업무]<>""),ROW(할일표[구분])-ROW(INDEX(할일표[구분],1))+1),5)),구분표[구분],0))),"")} | S12: {=IFERROR(IF(COUNTIFS(할일표[날짜],R$7,할일표[업무],"<>")<5,"",INDEX(할일표[표시],SMALL(IF((할일표[날짜]=R$7)*(할일표[업무]<>""),ROW(할일표[표시])-ROW(INDEX(할일표[표시],1))+1),5))),"")} | T12: {=IFERROR(IF(COUNTIFS(할일표[날짜],R$7,할일표[업무],"<>")<5,"",INDEX(할일표[업무],SMALL(IF((할일표[날짜]=R$7)*(할일표[업무]<>""),ROW(할일표[날짜])-피벗!$T$11),5))),"")} | U12: {=IFERROR(IF(COUNTIFS(할일표[날짜],R$7,할일표[업무],"<>")<5,"",INDEX(할일표[진행률],SMALL(IF((할일표[날짜]=R$7)*(할일표[업무]<>""),ROW(할일표[날짜])-피벗!$T$11),5))),"")} | V12: {=IFERROR(IF(COUNTIFS(할일표[날짜],V$7,할일표[업무],"<>")<5,"",INDEX(구분표[아이콘],MATCH(INDEX(할일표[구분],SMALL(IF((할일표[날짜]=V$7)*(할일표[업무]<>""),ROW(할일표[구분])-ROW(INDEX(할일표[구분],1))+1),5)),구분표[구분],0))),"")} | W12: {=IFERROR(IF(COUNTIFS(할일표[날짜],V$7,할일표[업무],"<>")<5,"",INDEX(할일표[표시],SMALL(IF((할일표[날짜]=V$7)*(할일표[업무]<>""),ROW(할일표[표시])-ROW(INDEX(할일표[표시],1))+1),5))),"")} | X12: {=IFERROR(IF(COUNTIFS(할일표[날짜],V$7,할일표[업무],"<>")<5,"",INDEX(할일표[업무],SMALL(IF((할일표[날짜]=V$7)*(할일표[업무]<>""),ROW(할일표[날짜])-피벗!$T$11),5))),"")} | Y12: {=IFERROR(IF(COUNTIFS(할일표[날짜],V$7,할일표[업무],"<>")<5,"",INDEX(할일표[진행률],SMALL(IF((할일표[날짜]=V$7)*(할일표[업무]<>""),ROW(할일표[날짜])-피벗!$T$11),5))),"")} | Z12: {=IFERROR(IF(COUNTIFS(할일표[날짜],Z$7,할일표[업무],"<>")<5,"",INDEX(구분표[아이콘],MATCH(INDEX(할일표[구분],SMALL(IF((할일표[날짜]=Z$7)*(할일표[업무]<>""),ROW(할일표[구분])-ROW(INDEX(할일표[구분],1))+1),5)),구분표[구분],0))),"")} | AA12: {=IFERROR(IF(COUNTIFS(할일표[날짜],Z$7,할일표[업무],"<>")<5,"",INDEX(할일표[표시],SMALL(IF((할일표[날짜]=Z$7)*(할일표[업무]<>""),ROW(할일표[표시])-ROW(INDEX(할일표[표시],1))+1),5))),"")} | AB12: {=IFERROR(IF(COUNTIFS(할일표[날짜],Z$7,할일표[업무],"<>")<5,"",INDEX(할일표[업무],SMALL(IF((할일표[날짜]=Z$7)*(할일표[업무]<>""),ROW(할일표[날짜])-피벗!$T$11),5))),"")} | AC12: {=IFERROR(IF(COUNTIFS(할일표[날짜],Z$7,할일표[업무],"<>")<5,"",INDEX(할일표[진행률],SMALL(IF((할일표[날짜]=Z$7)*(할일표[업무]<>""),ROW(할일표[날짜])-피벗!$T$11),5))),"")} | AJ12: =RAND() -> 0.53601844 | AK12: =RAND() -> 0.064125507 | AL12: =RAND() -> 0.61386593 | AM12: =RAND() -> 0.56466023 | AN12: =RAND() -> 0.33911561 | AO12: =RAND() -> 0.12627392 | AP12: =RAND() -> 0.42399016
B13: {=IFERROR(IF(COUNTIFS(할일표[날짜],B$7,할일표[업무],"<>")<6,"",INDEX(구분표[아이콘],MATCH(INDEX(할일표[구분],SMALL(IF((할일표[날짜]=B$7)*(할일표[업무]<>""),ROW(할일표[구분])-ROW(INDEX(할일표[구분],1))+1),6)),구분표[구분],0))),"")} | C13: {=IFERROR(IF(COUNTIFS(할일표[날짜],B$7,할일표[업무],"<>")<6,"",INDEX(할일표[표시],SMALL(IF((할일표[날짜]=B$7)*(할일표[업무]<>""),ROW(할일표[표시])-ROW(INDEX(할일표[표시],1))+1),6))),"")} | D13: {=IFERROR(IF(COUNTIFS(할일표[날짜],B$7,할일표[업무],"<>")<6,"",INDEX(할일표[업무],SMALL(IF((할일표[날짜]=B$7)*(할일표[업무]<>""),ROW(할일표[날짜])-피벗!$T$11),6))),"")} | E13: {=IFERROR(IF(COUNTIFS(할일표[날짜],B$7,할일표[업무],"<>")<6,"",INDEX(할일표[진행률],SMALL(IF((할일표[날짜]=B$7)*(할일표[업무]<>""),ROW(할일표[날짜])-피벗!$T$11),6))),"")} | F13: {=IFERROR(IF(COUNTIFS(할일표[날짜],F$7,할일표[업무],"<>")<6,"",INDEX(구분표[아이콘],MATCH(INDEX(할일표[구분],SMALL(IF((할일표[날짜]=F$7)*(할일표[업무]<>""),ROW(할일표[구분])-ROW(INDEX(할일표[구분],1))+1),6)),구분표[구분],0))),"")} | G13: {=IFERROR(IF(COUNTIFS(할일표[날짜],F$7,할일표[업무],"<>")<6,"",INDEX(할일표[표시],SMALL(IF((할일표[날짜]=F$7)*(할일표[업무]<>""),ROW(할일표[표시])-ROW(INDEX(할일표[표시],1))+1),6))),"")} | H13: {=IFERROR(IF(COUNTIFS(할일표[날짜],F$7,할일표[업무],"<>")<6,"",INDEX(할일표[업무],SMALL(IF((할일표[날짜]=F$7)*(할일표[업무]<>""),ROW(할일표[날짜])-피벗!$T$11),6))),"")} | I13: {=IFERROR(IF(COUNTIFS(할일표[날짜],F$7,할일표[업무],"<>")<6,"",INDEX(할일표[진행률],SMALL(IF((할일표[날짜]=F$7)*(할일표[업무]<>""),ROW(할일표[날짜])-피벗!$T$11),6))),"")} | J13: {=IFERROR(IF(COUNTIFS(할일표[날짜],J$7,할일표[업무],"<>")<6,"",INDEX(구분표[아이콘],MATCH(INDEX(할일표[구분],SMALL(IF((할일표[날짜]=J$7)*(할일표[업무]<>""),ROW(할일표[구분])-ROW(INDEX(할일표[구분],1))+1),6)),구분표[구분],0))),"")} | K13: {=IFERROR(IF(COUNTIFS(할일표[날짜],J$7,할일표[업무],"<>")<6,"",INDEX(할일표[표시],SMALL(IF((할일표[날짜]=J$7)*(할일표[업무]<>""),ROW(할일표[표시])-ROW(INDEX(할일표[표시],1))+1),6))),"")} | L13: {=IFERROR(IF(COUNTIFS(할일표[날짜],J$7,할일표[업무],"<>")<6,"",INDEX(할일표[업무],SMALL(IF((할일표[날짜]=J$7)*(할일표[업무]<>""),ROW(할일표[날짜])-피벗!$T$11),6))),"")} | M13: {=IFERROR(IF(COUNTIFS(할일표[날짜],J$7,할일표[업무],"<>")<6,"",INDEX(할일표[진행률],SMALL(IF((할일표[날짜]=J$7)*(할일표[업무]<>""),ROW(할일표[날짜])-피벗!$T$11),6))),"")} | N13: {=IFERROR(IF(COUNTIFS(할일표[날짜],N$7,할일표[업무],"<>")<6,"",INDEX(구분표[아이콘],MATCH(INDEX(할일표[구분],SMALL(IF((할일표[날짜]=N$7)*(할일표[업무]<>""),ROW(할일표[구분])-ROW(INDEX(할일표[구분],1))+1),6)),구분표[구분],0))),"")} | O13: {=IFERROR(IF(COUNTIFS(할일표[날짜],N$7,할일표[업무],"<>")<6,"",INDEX(할일표[표시],SMALL(IF((할일표[날짜]=N$7)*(할일표[업무]<>""),ROW(할일표[표시])-ROW(INDEX(할일표[표시],1))+1),6))),"")} | P13: {=IFERROR(IF(COUNTIFS(할일표[날짜],N$7,할일표[업무],"<>")<6,"",INDEX(할일표[업무],SMALL(IF((할일표[날짜]=N$7)*(할일표[업무]<>""),ROW(할일표[날짜])-피벗!$T$11),6))),"")} | Q13: {=IFERROR(IF(COUNTIFS(할일표[날짜],N$7,할일표[업무],"<>")<6,"",INDEX(할일표[진행률],SMALL(IF((할일표[날짜]=N$7)*(할일표[업무]<>""),ROW(할일표[날짜])-피벗!$T$11),6))),"")} | R13: {=IFERROR(IF(COUNTIFS(할일표[날짜],R$7,할일표[업무],"<>")<6,"",INDEX(구분표[아이콘],MATCH(INDEX(할일표[구분],SMALL(IF((할일표[날짜]=R$7)*(할일표[업무]<>""),ROW(할일표[구분])-ROW(INDEX(할일표[구분],1))+1),6)),구분표[구분],0))),"")} | S13: {=IFERROR(IF(COUNTIFS(할일표[날짜],R$7,할일표[업무],"<>")<6,"",INDEX(할일표[표시],SMALL(IF((할일표[날짜]=R$7)*(할일표[업무]<>""),ROW(할일표[표시])-ROW(INDEX(할일표[표시],1))+1),6))),"")} | T13: {=IFERROR(IF(COUNTIFS(할일표[날짜],R$7,할일표[업무],"<>")<6,"",INDEX(할일표[업무],SMALL(IF((할일표[날짜]=R$7)*(할일표[업무]<>""),ROW(할일표[날짜])-피벗!$T$11),6))),"")} | U13: {=IFERROR(IF(COUNTIFS(할일표[날짜],R$7,할일표[업무],"<>")<6,"",INDEX(할일표[진행률],SMALL(IF((할일표[날짜]=R$7)*(할일표[업무]<>""),ROW(할일표[날짜])-피벗!$T$11),6))),"")} | V13: {=IFERROR(IF(COUNTIFS(할일표[날짜],V$7,할일표[업무],"<>")<6,"",INDEX(구분표[아이콘],MATCH(INDEX(할일표[구분],SMALL(IF((할일표[날짜]=V$7)*(할일표[업무]<>""),ROW(할일표[구분])-ROW(INDEX(할일표[구분],1))+1),6)),구분표[구분],0))),"")} | W13: {=IFERROR(IF(COUNTIFS(할일표[날짜],V$7,할일표[업무],"<>")<6,"",INDEX(할일표[표시],SMALL(IF((할일표[날짜]=V$7)*(할일표[업무]<>""),ROW(할일표[표시])-ROW(INDEX(할일표[표시],1))+1),6))),"")} | X13: {=IFERROR(IF(COUNTIFS(할일표[날짜],V$7,할일표[업무],"<>")<6,"",INDEX(할일표[업무],SMALL(IF((할일표[날짜]=V$7)*(할일표[업무]<>""),ROW(할일표[날짜])-피벗!$T$11),6))),"")} | Y13: {=IFERROR(IF(COUNTIFS(할일표[날짜],V$7,할일표[업무],"<>")<6,"",INDEX(할일표[진행률],SMALL(IF((할일표[날짜]=V$7)*(할일표[업무]<>""),ROW(할일표[날짜])-피벗!$T$11),6))),"")} | Z13: {=IFERROR(IF(COUNTIFS(할일표[날짜],Z$7,할일표[업무],"<>")<6,"",INDEX(구분표[아이콘],MATCH(INDEX(할일표[구분],SMALL(IF((할일표[날짜]=Z$7)*(할일표[업무]<>""),ROW(할일표[구분])-ROW(INDEX(할일표[구분],1))+1),6)),구분표[구분],0))),"")} | AA13: {=IFERROR(IF(COUNTIFS(할일표[날짜],Z$7,할일표[업무],"<>")<6,"",INDEX(할일표[표시],SMALL(IF((할일표[날짜]=Z$7)*(할일표[업무]<>""),ROW(할일표[표시])-ROW(INDEX(할일표[표시],1))+1),6))),"")} | AB13: {=IFERROR(IF(COUNTIFS(할일표[날짜],Z$7,할일표[업무],"<>")<6,"",INDEX(할일표[업무],SMALL(IF((할일표[날짜]=Z$7)*(할일표[업무]<>""),ROW(할일표[날짜])-피벗!$T$11),6))),"")} | AC13: {=IFERROR(IF(COUNTIFS(할일표[날짜],Z$7,할일표[업무],"<>")<6,"",INDEX(할일표[진행률],SMALL(IF((할일표[날짜]=Z$7)*(할일표[업무]<>""),ROW(할일표[날짜])-피벗!$T$11),6))),"")} | AI13: =RAND() -> 0.65704775 | AJ13: =RAND() -> 0.74751713 | AK13: =RAND() -> 0.54552499 | AL13: =RAND() -> 0.92137769 | AM13: =RAND() -> 0.0042573141 | AN13: =RAND() -> 0.50821214 | AO13: =RAND() -> 0.26466438 | AP13: =RAND() -> 0.6768214 | AQ13: =RAND() -> 0.64755702
B14: {=IFERROR(IF(COUNTIFS(할일표[날짜],B$7,할일표[업무],"<>")<7,"",INDEX(구분표[아이콘],MATCH(INDEX(할일표[구분],SMALL(IF((할일표[날짜]=B$7)*(할일표[업무]<>""),ROW(할일표[구분])-ROW(INDEX(할일표[구분],1))+1),7)),구분표[구분],0))),"")} | C14: {=IFERROR(IF(COUNTIFS(할일표[날짜],B$7,할일표[업무],"<>")<7,"",INDEX(할일표[표시],SMALL(IF((할일표[날짜]=B$7)*(할일표[업무]<>""),ROW(할일표[표시])-ROW(INDEX(할일표[표시],1))+1),7))),"")} | D14: {=IFERROR(IF(COUNTIFS(할일표[날짜],B$7,할일표[업무],"<>")<7,"",INDEX(할일표[업무],SMALL(IF((할일표[날짜]=B$7)*(할일표[업무]<>""),ROW(할일표[날짜])-피벗!$T$11),7))),"")} | E14: {=IFERROR(IF(COUNTIFS(할일표[날짜],B$7,할일표[업무],"<>")<7,"",INDEX(할일표[진행률],SMALL(IF((할일표[날짜]=B$7)*(할일표[업무]<>""),ROW(할일표[날짜])-피벗!$T$11),7))),"")} | F14: {=IFERROR(IF(COUNTIFS(할일표[날짜],F$7,할일표[업무],"<>")<7,"",INDEX(구분표[아이콘],MATCH(INDEX(할일표[구분],SMALL(IF((할일표[날짜]=F$7)*(할일표[업무]<>""),ROW(할일표[구분])-ROW(INDEX(할일표[구분],1))+1),7)),구분표[구분],0))),"")} | G14: {=IFERROR(IF(COUNTIFS(할일표[날짜],F$7,할일표[업무],"<>")<7,"",INDEX(할일표[표시],SMALL(IF((할일표[날짜]=F$7)*(할일표[업무]<>""),ROW(할일표[표시])-ROW(INDEX(할일표[표시],1))+1),7))),"")} | H14: {=IFERROR(IF(COUNTIFS(할일표[날짜],F$7,할일표[업무],"<>")<7,"",INDEX(할일표[업무],SMALL(IF((할일표[날짜]=F$7)*(할일표[업무]<>""),ROW(할일표[날짜])-피벗!$T$11),7))),"")} | I14: {=IFERROR(IF(COUNTIFS(할일표[날짜],F$7,할일표[업무],"<>")<7,"",INDEX(할일표[진행률],SMALL(IF((할일표[날짜]=F$7)*(할일표[업무]<>""),ROW(할일표[날짜])-피벗!$T$11),7))),"")} | J14: {=IFERROR(IF(COUNTIFS(할일표[날짜],J$7,할일표[업무],"<>")<7,"",INDEX(구분표[아이콘],MATCH(INDEX(할일표[구분],SMALL(IF((할일표[날짜]=J$7)*(할일표[업무]<>""),ROW(할일표[구분])-ROW(INDEX(할일표[구분],1))+1),7)),구분표[구분],0))),"")} | K14: {=IFERROR(IF(COUNTIFS(할일표[날짜],J$7,할일표[업무],"<>")<7,"",INDEX(할일표[표시],SMALL(IF((할일표[날짜]=J$7)*(할일표[업무]<>""),ROW(할일표[표시])-ROW(INDEX(할일표[표시],1))+1),7))),"")} | L14: {=IFERROR(IF(COUNTIFS(할일표[날짜],J$7,할일표[업무],"<>")<7,"",INDEX(할일표[업무],SMALL(IF((할일표[날짜]=J$7)*(할일표[업무]<>""),ROW(할일표[날짜])-피벗!$T$11),7))),"")} | M14: {=IFERROR(IF(COUNTIFS(할일표[날짜],J$7,할일표[업무],"<>")<7,"",INDEX(할일표[진행률],SMALL(IF((할일표[날짜]=J$7)*(할일표[업무]<>""),ROW(할일표[날짜])-피벗!$T$11),7))),"")} | N14: {=IFERROR(IF(COUNTIFS(할일표[날짜],N$7,할일표[업무],"<>")<7,"",INDEX(구분표[아이콘],MATCH(INDEX(할일표[구분],SMALL(IF((할일표[날짜]=N$7)*(할일표[업무]<>""),ROW(할일표[구분])-ROW(INDEX(할일표[구분],1))+1),7)),구분표[구분],0))),"")} | O14: {=IFERROR(IF(COUNTIFS(할일표[날짜],N$7,할일표[업무],"<>")<7,"",INDEX(할일표[표시],SMALL(IF((할일표[날짜]=N$7)*(할일표[업무]<>""),ROW(할일표[표시])-ROW(INDEX(할일표[표시],1))+1),7))),"")} | P14: {=IFERROR(IF(COUNTIFS(할일표[날짜],N$7,할일표[업무],"<>")<7,"",INDEX(할일표[업무],SMALL(IF((할일표[날짜]=N$7)*(할일표[업무]<>""),ROW(할일표[날짜])-피벗!$T$11),7))),"")} | Q14: {=IFERROR(IF(COUNTIFS(할일표[날짜],N$7,할일표[업무],"<>")<7,"",INDEX(할일표[진행률],SMALL(IF((할일표[날짜]=N$7)*(할일표[업무]<>""),ROW(할일표[날짜])-피벗!$T$11),7))),"")} | R14: {=IFERROR(IF(COUNTIFS(할일표[날짜],R$7,할일표[업무],"<>")<7,"",INDEX(구분표[아이콘],MATCH(INDEX(할일표[구분],SMALL(IF((할일표[날짜]=R$7)*(할일표[업무]<>""),ROW(할일표[구분])-ROW(INDEX(할일표[구분],1))+1),7)),구분표[구분],0))),"")} | S14: {=IFERROR(IF(COUNTIFS(할일표[날짜],R$7,할일표[업무],"<>")<7,"",INDEX(할일표[표시],SMALL(IF((할일표[날짜]=R$7)*(할일표[업무]<>""),ROW(할일표[표시])-ROW(INDEX(할일표[표시],1))+1),7))),"")} | T14: {=IFERROR(IF(COUNTIFS(할일표[날짜],R$7,할일표[업무],"<>")<7,"",INDEX(할일표[업무],SMALL(IF((할일표[날짜]=R$7)*(할일표[업무]<>""),ROW(할일표[날짜])-피벗!$T$11),7))),"")} | U14: {=IFERROR(IF(COUNTIFS(할일표[날짜],R$7,할일표[업무],"<>")<7,"",INDEX(할일표[진행률],SMALL(IF((할일표[날짜]=R$7)*(할일표[업무]<>""),ROW(할일표[날짜])-피벗!$T$11),7))),"")} | V14: {=IFERROR(IF(COUNTIFS(할일표[날짜],V$7,할일표[업무],"<>")<7,"",INDEX(구분표[아이콘],MATCH(INDEX(할일표[구분],SMALL(IF((할일표[날짜]=V$7)*(할일표[업무]<>""),ROW(할일표[구분])-ROW(INDEX(할일표[구분],1))+1),7)),구분표[구분],0))),"")} | W14: {=IFERROR(IF(COUNTIFS(할일표[날짜],V$7,할일표[업무],"<>")<7,"",INDEX(할일표[표시],SMALL(IF((할일표[날짜]=V$7)*(할일표[업무]<>""),ROW(할일표[표시])-ROW(INDEX(할일표[표시],1))+1),7))),"")} | X14: {=IFERROR(IF(COUNTIFS(할일표[날짜],V$7,할일표[업무],"<>")<7,"",INDEX(할일표[업무],SMALL(IF((할일표[날짜]=V$7)*(할일표[업무]<>""),ROW(할일표[날짜])-피벗!$T$11),7))),"")} | Y14: {=IFERROR(IF(COUNTIFS(할일표[날짜],V$7,할일표[업무],"<>")<7,"",INDEX(할일표[진행률],SMALL(IF((할일표[날짜]=V$7)*(할일표[업무]<>""),ROW(할일표[날짜])-피벗!$T$11),7))),"")} | Z14: {=IFERROR(IF(COUNTIFS(할일표[날짜],Z$7,할일표[업무],"<>")<7,"",INDEX(구분표[아이콘],MATCH(INDEX(할일표[구분],SMALL(IF((할일표[날짜]=Z$7)*(할일표[업무]<>""),ROW(할일표[구분])-ROW(INDEX(할일표[구분],1))+1),7)),구분표[구분],0))),"")} | AA14: {=IFERROR(IF(COUNTIFS(할일표[날짜],Z$7,할일표[업무],"<>")<7,"",INDEX(할일표[표시],SMALL(IF((할일표[날짜]=Z$7)*(할일표[업무]<>""),ROW(할일표[표시])-ROW(INDEX(할일표[표시],1))+1),7))),"")} | AB14: {=IFERROR(IF(COUNTIFS(할일표[날짜],Z$7,할일표[업무],"<>")<7,"",INDEX(할일표[업무],SMALL(IF((할일표[날짜]=Z$7)*(할일표[업무]<>""),ROW(할일표[날짜])-피벗!$T$11),7))),"")} | AC14: {=IFERROR(IF(COUNTIFS(할일표[날짜],Z$7,할일표[업무],"<>")<7,"",INDEX(할일표[진행률],SMALL(IF((할일표[날짜]=Z$7)*(할일표[업무]<>""),ROW(할일표[날짜])-피벗!$T$11),7))),"")}
B15: {=IFERROR(IF(COUNTIFS(할일표[날짜],B$7,할일표[업무],"<>")<8,"",INDEX(구분표[아이콘],MATCH(INDEX(할일표[구분],SMALL(IF((할일표[날짜]=B$7)*(할일표[업무]<>""),ROW(할일표[구분])-ROW(INDEX(할일표[구분],1))+1),8)),구분표[구분],0))),"")} | C15: {=IFERROR(IF(COUNTIFS(할일표[날짜],B$7,할일표[업무],"<>")<8,"",INDEX(할일표[표시],SMALL(IF((할일표[날짜]=B$7)*(할일표[업무]<>""),ROW(할일표[표시])-ROW(INDEX(할일표[표시],1))+1),8))),"")} | D15: {=IFERROR(IF(COUNTIFS(할일표[날짜],B$7,할일표[업무],"<>")<8,"",INDEX(할일표[업무],SMALL(IF((할일표[날짜]=B$7)*(할일표[업무]<>""),ROW(할일표[날짜])-피벗!$T$11),8))),"")} | E15: {=IFERROR(IF(COUNTIFS(할일표[날짜],B$7,할일표[업무],"<>")<8,"",INDEX(할일표[진행률],SMALL(IF((할일표[날짜]=B$7)*(할일표[업무]<>""),ROW(할일표[날짜])-피벗!$T$11),8))),"")} | F15: {=IFERROR(IF(COUNTIFS(할일표[날짜],F$7,할일표[업무],"<>")<8,"",INDEX(구분표[아이콘],MATCH(INDEX(할일표[구분],SMALL(IF((할일표[날짜]=F$7)*(할일표[업무]<>""),ROW(할일표[구분])-ROW(INDEX(할일표[구분],1))+1),8)),구분표[구분],0))),"")} | G15: {=IFERROR(IF(COUNTIFS(할일표[날짜],F$7,할일표[업무],"<>")<8,"",INDEX(할일표[표시],SMALL(IF((할일표[날짜]=F$7)*(할일표[업무]<>""),ROW(할일표[표시])-ROW(INDEX(할일표[표시],1))+1),8))),"")} | H15: {=IFERROR(IF(COUNTIFS(할일표[날짜],F$7,할일표[업무],"<>")<8,"",INDEX(할일표[업무],SMALL(IF((할일표[날짜]=F$7)*(할일표[업무]<>""),ROW(할일표[날짜])-피벗!$T$11),8))),"")} | I15: {=IFERROR(IF(COUNTIFS(할일표[날짜],F$7,할일표[업무],"<>")<8,"",INDEX(할일표[진행률],SMALL(IF((할일표[날짜]=F$7)*(할일표[업무]<>""),ROW(할일표[날짜])-피벗!$T$11),8))),"")} | J15: {=IFERROR(IF(COUNTIFS(할일표[날짜],J$7,할일표[업무],"<>")<8,"",INDEX(구분표[아이콘],MATCH(INDEX(할일표[구분],SMALL(IF((할일표[날짜]=J$7)*(할일표[업무]<>""),ROW(할일표[구분])-ROW(INDEX(할일표[구분],1))+1),8)),구분표[구분],0))),"")} | K15: {=IFERROR(IF(COUNTIFS(할일표[날짜],J$7,할일표[업무],"<>")<8,"",INDEX(할일표[표시],SMALL(IF((할일표[날짜]=J$7)*(할일표[업무]<>""),ROW(할일표[표시])-ROW(INDEX(할일표[표시],1))+1),8))),"")} | L15: {=IFERROR(IF(COUNTIFS(할일표[날짜],J$7,할일표[업무],"<>")<8,"",INDEX(할일표[업무],SMALL(IF((할일표[날짜]=J$7)*(할일표[업무]<>""),ROW(할일표[날짜])-피벗!$T$11),8))),"")} | M15: {=IFERROR(IF(COUNTIFS(할일표[날짜],J$7,할일표[업무],"<>")<8,"",INDEX(할일표[진행률],SMALL(IF((할일표[날짜]=J$7)*(할일표[업무]<>""),ROW(할일표[날짜])-피벗!$T$11),8))),"")} | N15: {=IFERROR(IF(COUNTIFS(할일표[날짜],N$7,할일표[업무],"<>")<8,"",INDEX(구분표[아이콘],MATCH(INDEX(할일표[구분],SMALL(IF((할일표[날짜]=N$7)*(할일표[업무]<>""),ROW(할일표[구분])-ROW(INDEX(할일표[구분],1))+1),8)),구분표[구분],0))),"")} | O15: {=IFERROR(IF(COUNTIFS(할일표[날짜],N$7,할일표[업무],"<>")<8,"",INDEX(할일표[표시],SMALL(IF((할일표[날짜]=N$7)*(할일표[업무]<>""),ROW(할일표[표시])-ROW(INDEX(할일표[표시],1))+1),8))),"")} | P15: {=IFERROR(IF(COUNTIFS(할일표[날짜],N$7,할일표[업무],"<>")<8,"",INDEX(할일표[업무],SMALL(IF((할일표[날짜]=N$7)*(할일표[업무]<>""),ROW(할일표[날짜])-피벗!$T$11),8))),"")} | Q15: {=IFERROR(IF(COUNTIFS(할일표[날짜],N$7,할일표[업무],"<>")<8,"",INDEX(할일표[진행률],SMALL(IF((할일표[날짜]=N$7)*(할일표[업무]<>""),ROW(할일표[날짜])-피벗!$T$11),8))),"")} | R15: {=IFERROR(IF(COUNTIFS(할일표[날짜],R$7,할일표[업무],"<>")<8,"",INDEX(구분표[아이콘],MATCH(INDEX(할일표[구분],SMALL(IF((할일표[날짜]=R$7)*(할일표[업무]<>""),ROW(할일표[구분])-ROW(INDEX(할일표[구분],1))+1),8)),구분표[구분],0))),"")} | S15: {=IFERROR(IF(COUNTIFS(할일표[날짜],R$7,할일표[업무],"<>")<8,"",INDEX(할일표[표시],SMALL(IF((할일표[날짜]=R$7)*(할일표[업무]<>""),ROW(할일표[표시])-ROW(INDEX(할일표[표시],1))+1),8))),"")} | T15: {=IFERROR(IF(COUNTIFS(할일표[날짜],R$7,할일표[업무],"<>")<8,"",INDEX(할일표[업무],SMALL(IF((할일표[날짜]=R$7)*(할일표[업무]<>""),ROW(할일표[날짜])-피벗!$T$11),8))),"")} | U15: {=IFERROR(IF(COUNTIFS(할일표[날짜],R$7,할일표[업무],"<>")<8,"",INDEX(할일표[진행률],SMALL(IF((할일표[날짜]=R$7)*(할일표[업무]<>""),ROW(할일표[날짜])-피벗!$T$11),8))),"")} | V15: {=IFERROR(IF(COUNTIFS(할일표[날짜],V$7,할일표[업무],"<>")<8,"",INDEX(구분표[아이콘],MATCH(INDEX(할일표[구분],SMALL(IF((할일표[날짜]=V$7)*(할일표[업무]<>""),ROW(할일표[구분])-ROW(INDEX(할일표[구분],1))+1),8)),구분표[구분],0))),"")} | W15: {=IFERROR(IF(COUNTIFS(할일표[날짜],V$7,할일표[업무],"<>")<8,"",INDEX(할일표[표시],SMALL(IF((할일표[날짜]=V$7)*(할일표[업무]<>""),ROW(할일표[표시])-ROW(INDEX(할일표[표시],1))+1),8))),"")} | X15: {=IFERROR(IF(COUNTIFS(할일표[날짜],V$7,할일표[업무],"<>")<8,"",INDEX(할일표[업무],SMALL(IF((할일표[날짜]=V$7)*(할일표[업무]<>""),ROW(할일표[날짜])-피벗!$T$11),8))),"")} | Y15: {=IFERROR(IF(COUNTIFS(할일표[날짜],V$7,할일표[업무],"<>")<8,"",INDEX(할일표[진행률],SMALL(IF((할일표[날짜]=V$7)*(할일표[업무]<>""),ROW(할일표[날짜])-피벗!$T$11),8))),"")} | Z15: {=IFERROR(IF(COUNTIFS(할일표[날짜],Z$7,할일표[업무],"<>")<8,"",INDEX(구분표[아이콘],MATCH(INDEX(할일표[구분],SMALL(IF((할일표[날짜]=Z$7)*(할일표[업무]<>""),ROW(할일표[구분])-ROW(INDEX(할일표[구분],1))+1),8)),구분표[구분],0))),"")} | AA15: {=IFERROR(IF(COUNTIFS(할일표[날짜],Z$7,할일표[업무],"<>")<8,"",INDEX(할일표[표시],SMALL(IF((할일표[날짜]=Z$7)*(할일표[업무]<>""),ROW(할일표[표시])-ROW(INDEX(할일표[표시],1))+1),8))),"")} | AB15: {=IFERROR(IF(COUNTIFS(할일표[날짜],Z$7,할일표[업무],"<>")<8,"",INDEX(할일표[업무],SMALL(IF((할일표[날짜]=Z$7)*(할일표[업무]<>""),ROW(할일표[날짜])-피벗!$T$11),8))),"")} | AC15: {=IFERROR(IF(COUNTIFS(할일표[날짜],Z$7,할일표[업무],"<>")<8,"",INDEX(할일표[진행률],SMALL(IF((할일표[날짜]=Z$7)*(할일표[업무]<>""),ROW(할일표[날짜])-피벗!$T$11),8))),"")}
B17: =Z7+1 -> 46271 | F17: =B17+1 -> 46272 | J17: =F17+1 -> 46273 | N17: =J17+1 -> 46274 | R17: =N17+1 -> 46275 | V17: =R17+1 -> 46276 | Z17: =V17+1 -> 46277
B18: {=IFERROR(IF(COUNTIFS(할일표[날짜],B$17,할일표[업무],"<>")<1,"",INDEX(구분표[아이콘],MATCH(INDEX(할일표[구분],SMALL(IF((할일표[날짜]=B$17)*(할일표[업무]<>""),ROW(할일표[구분])-ROW(INDEX(할일표[구분],1))+1),1)),구분표[구분],0))),"")} | C18: {=IFERROR(IF(COUNTIFS(할일표[날짜],B$17,할일표[업무],"<>")<1,"",INDEX(할일표[표시],SMALL(IF((할일표[날짜]=B$17)*(할일표[업무]<>""),ROW(할일표[표시])-ROW(INDEX(할일표[표시],1))+1),1))),"")} | D18: {=IFERROR(IF(COUNTIFS(할일표[날짜],B$17,할일표[업무],"<>")<1,"",INDEX(할일표[업무],SMALL(IF((할일표[날짜]=B$17)*(할일표[업무]<>""),ROW(할일표[날짜])-피벗!$T$11),1))),"")} | E18: {=IFERROR(IF(COUNTIFS(할일표[날짜],B$17,할일표[업무],"<>")<1,"",INDEX(할일표[진행률],SMALL(IF((할일표[날짜]=B$17)*(할일표[업무]<>""),ROW(할일표[날짜])-피벗!$T$11),1))),"")} | F18: {=IFERROR(IF(COUNTIFS(할일표[날짜],F$17,할일표[업무],"<>")<1,"",INDEX(구분표[아이콘],MATCH(INDEX(할일표[구분],SMALL(IF((할일표[날짜]=F$17)*(할일표[업무]<>""),ROW(할일표[구분])-ROW(INDEX(할일표[구분],1))+1),1)),구분표[구분],0))),"")} | G18: {=IFERROR(IF(COUNTIFS(할일표[날짜],F$17,할일표[업무],"<>")<1,"",INDEX(할일표[표시],SMALL(IF((할일표[날짜]=F$17)*(할일표[업무]<>""),ROW(할일표[표시])-ROW(INDEX(할일표[표시],1))+1),1))),"")} | H18: {=IFERROR(IF(COUNTIFS(할일표[날짜],F$17,할일표[업무],"<>")<1,"",INDEX(할일표[업무],SMALL(IF((할일표[날짜]=F$17)*(할일표[업무]<>""),ROW(할일표[날짜])-피벗!$T$11),1))),"")} | I18: {=IFERROR(IF(COUNTIFS(할일표[날짜],F$17,할일표[업무],"<>")<1,"",INDEX(할일표[진행률],SMALL(IF((할일표[날짜]=F$17)*(할일표[업무]<>""),ROW(할일표[날짜])-피벗!$T$11),1))),"")} | J18: {=IFERROR(IF(COUNTIFS(할일표[날짜],J$17,할일표[업무],"<>")<1,"",INDEX(구분표[아이콘],MATCH(INDEX(할일표[구분],SMALL(IF((할일표[날짜]=J$17)*(할일표[업무]<>""),ROW(할일표[구분])-ROW(INDEX(할일표[구분],1))+1),1)),구분표[구분],0))),"")} | K18: {=IFERROR(IF(COUNTIFS(할일표[날짜],J$17,할일표[업무],"<>")<1,"",INDEX(할일표[표시],SMALL(IF((할일표[날짜]=J$17)*(할일표[업무]<>""),ROW(할일표[표시])-ROW(INDEX(할일표[표시],1))+1),1))),"")} | L18: {=IFERROR(IF(COUNTIFS(할일표[날짜],J$17,할일표[업무],"<>")<1,"",INDEX(할일표[업무],SMALL(IF((할일표[날짜]=J$17)*(할일표[업무]<>""),ROW(할일표[날짜])-피벗!$T$11),1))),"")} | M18: {=IFERROR(IF(COUNTIFS(할일표[날짜],J$17,할일표[업무],"<>")<1,"",INDEX(할일표[진행률],SMALL(IF((할일표[날짜]=J$17)*(할일표[업무]<>""),ROW(할일표[날짜])-피벗!$T$11),1))),"")} | N18: {=IFERROR(IF(COUNTIFS(할일표[날짜],N$17,할일표[업무],"<>")<1,"",INDEX(구분표[아이콘],MATCH(INDEX(할일표[구분],SMALL(IF((할일표[날짜]=N$17)*(할일표[업무]<>""),ROW(할일표[구분])-ROW(INDEX(할일표[구분],1))+1),1)),구분표[구분],0))),"")} | O18: {=IFERROR(IF(COUNTIFS(할일표[날짜],N$17,할일표[업무],"<>")<1,"",INDEX(할일표[표시],SMALL(IF((할일표[날짜]=N$17)*(할일표[업무]<>""),ROW(할일표[표시])-ROW(INDEX(할일표[표시],1))+1),1))),"")} | P18: {=IFERROR(IF(COUNTIFS(할일표[날짜],N$17,할일표[업무],"<>")<1,"",INDEX(할일표[업무],SMALL(IF((할일표[날짜]=N$17)*(할일표[업무]<>""),ROW(할일표[날짜])-피벗!$T$11),1))),"")} | Q18: {=IFERROR(IF(COUNTIFS(할일표[날짜],N$17,할일표[업무],"<>")<1,"",INDEX(할일표[진행률],SMALL(IF((할일표[날짜]=N$17)*(할일표[업무]<>""),ROW(할일표[날짜])-피벗!$T$11),1))),"")} | R18: {=IFERROR(IF(COUNTIFS(할일표[날짜],R$17,할일표[업무],"<>")<1,"",INDEX(구분표[아이콘],MATCH(INDEX(할일표[구분],SMALL(IF((할일표[날짜]=R$17)*(할일표[업무]<>""),ROW(할일표[구분])-ROW(INDEX(할일표[구분],1))+1),1)),구분표[구분],0))),"")} | S18: {=IFERROR(IF(COUNTIFS(할일표[날짜],R$17,할일표[업무],"<>")<1,"",INDEX(할일표[표시],SMALL(IF((할일표[날짜]=R$17)*(할일표[업무]<>""),ROW(할일표[표시])-ROW(INDEX(할일표[표시],1))+1),1))),"")} | T18: {=IFERROR(IF(COUNTIFS(할일표[날짜],R$17,할일표[업무],"<>")<1,"",INDEX(할일표[업무],SMALL(IF((할일표[날짜]=R$17)*(할일표[업무]<>""),ROW(할일표[날짜])-피벗!$T$11),1))),"")} | U18: {=IFERROR(IF(COUNTIFS(할일표[날짜],R$17,할일표[업무],"<>")<1,"",INDEX(할일표[진행률],SMALL(IF((할일표[날짜]=R$17)*(할일표[업무]<>""),ROW(할일표[날짜])-피벗!$T$11),1))),"")} | V18: {=IFERROR(IF(COUNTIFS(할일표[날짜],V$17,할일표[업무],"<>")<1,"",INDEX(구분표[아이콘],MATCH(INDEX(할일표[구분],SMALL(IF((할일표[날짜]=V$17)*(할일표[업무]<>""),ROW(할일표[구분])-ROW(INDEX(할일표[구분],1))+1),1)),구분표[구분],0))),"")} | W18: {=IFERROR(IF(COUNTIFS(할일표[날짜],V$17,할일표[업무],"<>")<1,"",INDEX(할일표[표시],SMALL(IF((할일표[날짜]=V$17)*(할일표[업무]<>""),ROW(할일표[표시])-ROW(INDEX(할일표[표시],1))+1),1))),"")} | X18: {=IFERROR(IF(COUNTIFS(할일표[날짜],V$17,할일표[업무],"<>")<1,"",INDEX(할일표[업무],SMALL(IF((할일표[날짜]=V$17)*(할일표[업무]<>""),ROW(할일표[날짜])-피벗!$T$11),1))),"")} | Y18: {=IFERROR(IF(COUNTIFS(할일표[날짜],V$17,할일표[업무],"<>")<1,"",INDEX(할일표[진행률],SMALL(IF((할일표[날짜]=V$17)*(할일표[업무]<>""),ROW(할일표[날짜])-피벗!$T$11),1))),"")} | Z18: {=IFERROR(IF(COUNTIFS(할일표[날짜],Z$17,할일표[업무],"<>")<1,"",INDEX(구분표[아이콘],MATCH(INDEX(할일표[구분],SMALL(IF((할일표[날짜]=Z$17)*(할일표[업무]<>""),ROW(할일표[구분])-ROW(INDEX(할일표[구분],1))+1),1)),구분표[구분],0))),"")} | AA18: {=IFERROR(IF(COUNTIFS(할일표[날짜],Z$17,할일표[업무],"<>")<1,"",INDEX(할일표[표시],SMALL(IF((할일표[날짜]=Z$17)*(할일표[업무]<>""),ROW(할일표[표시])-ROW(INDEX(할일표[표시],1))+1),1))),"")} | AB18: {=IFERROR(IF(COUNTIFS(할일표[날짜],Z$17,할일표[업무],"<>")<1,"",INDEX(할일표[업무],SMALL(IF((할일표[날짜]=Z$17)*(할일표[업무]<>""),ROW(할일표[날짜])-피벗!$T$11),1))),"")} | AC18: {=IFERROR(IF(COUNTIFS(할일표[날짜],Z$17,할일표[업무],"<>")<1,"",INDEX(할일표[진행률],SMALL(IF((할일표[날짜]=Z$17)*(할일표[업무]<>""),ROW(할일표[날짜])-피벗!$T$11),1))),"")}
B19: {=IFERROR(IF(COUNTIFS(할일표[날짜],B$17,할일표[업무],"<>")<2,"",INDEX(구분표[아이콘],MATCH(INDEX(할일표[구분],SMALL(IF((할일표[날짜]=B$17)*(할일표[업무]<>""),ROW(할일표[구분])-ROW(INDEX(할일표[구분],1))+1),2)),구분표[구분],0))),"")} | C19: {=IFERROR(IF(COUNTIFS(할일표[날짜],B$17,할일표[업무],"<>")<2,"",INDEX(할일표[표시],SMALL(IF((할일표[날짜]=B$17)*(할일표[업무]<>""),ROW(할일표[표시])-ROW(INDEX(할일표[표시],1))+1),2))),"")} | D19: {=IFERROR(IF(COUNTIFS(할일표[날짜],B$17,할일표[업무],"<>")<2,"",INDEX(할일표[업무],SMALL(IF((할일표[날짜]=B$17)*(할일표[업무]<>""),ROW(할일표[날짜])-피벗!$T$11),2))),"")} | E19: {=IFERROR(IF(COUNTIFS(할일표[날짜],B$17,할일표[업무],"<>")<2,"",INDEX(할일표[진행률],SMALL(IF((할일표[날짜]=B$17)*(할일표[업무]<>""),ROW(할일표[날짜])-피벗!$T$11),2))),"")} | F19: {=IFERROR(IF(COUNTIFS(할일표[날짜],F$17,할일표[업무],"<>")<2,"",INDEX(구분표[아이콘],MATCH(INDEX(할일표[구분],SMALL(IF((할일표[날짜]=F$17)*(할일표[업무]<>""),ROW(할일표[구분])-ROW(INDEX(할일표[구분],1))+1),2)),구분표[구분],0))),"")} | G19: {=IFERROR(IF(COUNTIFS(할일표[날짜],F$17,할일표[업무],"<>")<2,"",INDEX(할일표[표시],SMALL(IF((할일표[날짜]=F$17)*(할일표[업무]<>""),ROW(할일표[표시])-ROW(INDEX(할일표[표시],1))+1),2))),"")} | H19: {=IFERROR(IF(COUNTIFS(할일표[날짜],F$17,할일표[업무],"<>")<2,"",INDEX(할일표[업무],SMALL(IF((할일표[날짜]=F$17)*(할일표[업무]<>""),ROW(할일표[날짜])-피벗!$T$11),2))),"")} | I19: {=IFERROR(IF(COUNTIFS(할일표[날짜],F$17,할일표[업무],"<>")<2,"",INDEX(할일표[진행률],SMALL(IF((할일표[날짜]=F$17)*(할일표[업무]<>""),ROW(할일표[날짜])-피벗!$T$11),2))),"")} | J19: {=IFERROR(IF(COUNTIFS(할일표[날짜],J$17,할일표[업무],"<>")<2,"",INDEX(구분표[아이콘],MATCH(INDEX(할일표[구분],SMALL(IF((할일표[날짜]=J$17)*(할일표[업무]<>""),ROW(할일표[구분])-ROW(INDEX(할일표[구분],1))+1),2)),구분표[구분],0))),"")} | K19: {=IFERROR(IF(COUNTIFS(할일표[날짜],J$17,할일표[업무],"<>")<2,"",INDEX(할일표[표시],SMALL(IF((할일표[날짜]=J$17)*(할일표[업무]<>""),ROW(할일표[표시])-ROW(INDEX(할일표[표시],1))+1),2))),"")} | L19: {=IFERROR(IF(COUNTIFS(할일표[날짜],J$17,할일표[업무],"<>")<2,"",INDEX(할일표[업무],SMALL(IF((할일표[날짜]=J$17)*(할일표[업무]<>""),ROW(할일표[날짜])-피벗!$T$11),2))),"")} | M19: {=IFERROR(IF(COUNTIFS(할일표[날짜],J$17,할일표[업무],"<>")<2,"",INDEX(할일표[진행률],SMALL(IF((할일표[날짜]=J$17)*(할일표[업무]<>""),ROW(할일표[날짜])-피벗!$T$11),2))),"")} | N19: {=IFERROR(IF(COUNTIFS(할일표[날짜],N$17,할일표[업무],"<>")<2,"",INDEX(구분표[아이콘],MATCH(INDEX(할일표[구분],SMALL(IF((할일표[날짜]=N$17)*(할일표[업무]<>""),ROW(할일표[구분])-ROW(INDEX(할일표[구분],1))+1),2)),구분표[구분],0))),"")} | O19: {=IFERROR(IF(COUNTIFS(할일표[날짜],N$17,할일표[업무],"<>")<2,"",INDEX(할일표[표시],SMALL(IF((할일표[날짜]=N$17)*(할일표[업무]<>""),ROW(할일표[표시])-ROW(INDEX(할일표[표시],1))+1),2))),"")} | P19: {=IFERROR(IF(COUNTIFS(할일표[날짜],N$17,할일표[업무],"<>")<2,"",INDEX(할일표[업무],SMALL(IF((할일표[날짜]=N$17)*(할일표[업무]<>""),ROW(할일표[날짜])-피벗!$T$11),2))),"")} | Q19: {=IFERROR(IF(COUNTIFS(할일표[날짜],N$17,할일표[업무],"<>")<2,"",INDEX(할일표[진행률],SMALL(IF((할일표[날짜]=N$17)*(할일표[업무]<>""),ROW(할일표[날짜])-피벗!$T$11),2))),"")} | R19: {=IFERROR(IF(COUNTIFS(할일표[날짜],R$17,할일표[업무],"<>")<2,"",INDEX(구분표[아이콘],MATCH(INDEX(할일표[구분],SMALL(IF((할일표[날짜]=R$17)*(할일표[업무]<>""),ROW(할일표[구분])-ROW(INDEX(할일표[구분],1))+1),2)),구분표[구분],0))),"")} | S19: {=IFERROR(IF(COUNTIFS(할일표[날짜],R$17,할일표[업무],"<>")<2,"",INDEX(할일표[표시],SMALL(IF((할일표[날짜]=R$17)*(할일표[업무]<>""),ROW(할일표[표시])-ROW(INDEX(할일표[표시],1))+1),2))),"")} | T19: {=IFERROR(IF(COUNTIFS(할일표[날짜],R$17,할일표[업무],"<>")<2,"",INDEX(할일표[업무],SMALL(IF((할일표[날짜]=R$17)*(할일표[업무]<>""),ROW(할일표[날짜])-피벗!$T$11),2))),"")} | U19: {=IFERROR(IF(COUNTIFS(할일표[날짜],R$17,할일표[업무],"<>")<2,"",INDEX(할일표[진행률],SMALL(IF((할일표[날짜]=R$17)*(할일표[업무]<>""),ROW(할일표[날짜])-피벗!$T$11),2))),"")} | V19: {=IFERROR(IF(COUNTIFS(할일표[날짜],V$17,할일표[업무],"<>")<2,"",INDEX(구분표[아이콘],MATCH(INDEX(할일표[구분],SMALL(IF((할일표[날짜]=V$17)*(할일표[업무]<>""),ROW(할일표[구분])-ROW(INDEX(할일표[구분],1))+1),2)),구분표[구분],0))),"")} | W19: {=IFERROR(IF(COUNTIFS(할일표[날짜],V$17,할일표[업무],"<>")<2,"",INDEX(할일표[표시],SMALL(IF((할일표[날짜]=V$17)*(할일표[업무]<>""),ROW(할일표[표시])-ROW(INDEX(할일표[표시],1))+1),2))),"")} | X19: {=IFERROR(IF(COUNTIFS(할일표[날짜],V$17,할일표[업무],"<>")<2,"",INDEX(할일표[업무],SMALL(IF((할일표[날짜]=V$17)*(할일표[업무]<>""),ROW(할일표[날짜])-피벗!$T$11),2))),"")} | Y19: {=IFERROR(IF(COUNTIFS(할일표[날짜],V$17,할일표[업무],"<>")<2,"",INDEX(할일표[진행률],SMALL(IF((할일표[날짜]=V$17)*(할일표[업무]<>""),ROW(할일표[날짜])-피벗!$T$11),2))),"")} | Z19: {=IFERROR(IF(COUNTIFS(할일표[날짜],Z$17,할일표[업무],"<>")<2,"",INDEX(구분표[아이콘],MATCH(INDEX(할일표[구분],SMALL(IF((할일표[날짜]=Z$17)*(할일표[업무]<>""),ROW(할일표[구분])-ROW(INDEX(할일표[구분],1))+1),2)),구분표[구분],0))),"")} | AA19: {=IFERROR(IF(COUNTIFS(할일표[날짜],Z$17,할일표[업무],"<>")<2,"",INDEX(할일표[표시],SMALL(IF((할일표[날짜]=Z$17)*(할일표[업무]<>""),ROW(할일표[표시])-ROW(INDEX(할일표[표시],1))+1),2))),"")} | AB19: {=IFERROR(IF(COUNTIFS(할일표[날짜],Z$17,할일표[업무],"<>")<2,"",INDEX(할일표[업무],SMALL(IF((할일표[날짜]=Z$17)*(할일표[업무]<>""),ROW(할일표[날짜])-피벗!$T$11),2))),"")} | AC19: {=IFERROR(IF(COUNTIFS(할일표[날짜],Z$17,할일표[업무],"<>")<2,"",INDEX(할일표[진행률],SMALL(IF((할일표[날짜]=Z$17)*(할일표[업무]<>""),ROW(할일표[날짜])-피벗!$T$11),2))),"")}
B20: {=IFERROR(IF(COUNTIFS(할일표[날짜],B$17,할일표[업무],"<>")<3,"",INDEX(구분표[아이콘],MATCH(INDEX(할일표[구분],SMALL(IF((할일표[날짜]=B$17)*(할일표[업무]<>""),ROW(할일표[구분])-ROW(INDEX(할일표[구분],1))+1),3)),구분표[구분],0))),"")} | C20: {=IFERROR(IF(COUNTIFS(할일표[날짜],B$17,할일표[업무],"<>")<3,"",INDEX(할일표[표시],SMALL(IF((할일표[날짜]=B$17)*(할일표[업무]<>""),ROW(할일표[표시])-ROW(INDEX(할일표[표시],1))+1),3))),"")} | D20: {=IFERROR(IF(COUNTIFS(할일표[날짜],B$17,할일표[업무],"<>")<3,"",INDEX(할일표[업무],SMALL(IF((할일표[날짜]=B$17)*(할일표[업무]<>""),ROW(할일표[날짜])-피벗!$T$11),3))),"")} | E20: {=IFERROR(IF(COUNTIFS(할일표[날짜],B$17,할일표[업무],"<>")<3,"",INDEX(할일표[진행률],SMALL(IF((할일표[날짜]=B$17)*(할일표[업무]<>""),ROW(할일표[날짜])-피벗!$T$11),3))),"")} | F20: {=IFERROR(IF(COUNTIFS(할일표[날짜],F$17,할일표[업무],"<>")<3,"",INDEX(구분표[아이콘],MATCH(INDEX(할일표[구분],SMALL(IF((할일표[날짜]=F$17)*(할일표[업무]<>""),ROW(할일표[구분])-ROW(INDEX(할일표[구분],1))+1),3)),구분표[구분],0))),"")} | G20: {=IFERROR(IF(COUNTIFS(할일표[날짜],F$17,할일표[업무],"<>")<3,"",INDEX(할일표[표시],SMALL(IF((할일표[날짜]=F$17)*(할일표[업무]<>""),ROW(할일표[표시])-ROW(INDEX(할일표[표시],1))+1),3))),"")} | H20: {=IFERROR(IF(COUNTIFS(할일표[날짜],F$17,할일표[업무],"<>")<3,"",INDEX(할일표[업무],SMALL(IF((할일표[날짜]=F$17)*(할일표[업무]<>""),ROW(할일표[날짜])-피벗!$T$11),3))),"")} | I20: {=IFERROR(IF(COUNTIFS(할일표[날짜],F$17,할일표[업무],"<>")<3,"",INDEX(할일표[진행률],SMALL(IF((할일표[날짜]=F$17)*(할일표[업무]<>""),ROW(할일표[날짜])-피벗!$T$11),3))),"")} | J20: {=IFERROR(IF(COUNTIFS(할일표[날짜],J$17,할일표[업무],"<>")<3,"",INDEX(구분표[아이콘],MATCH(INDEX(할일표[구분],SMALL(IF((할일표[날짜]=J$17)*(할일표[업무]<>""),ROW(할일표[구분])-ROW(INDEX(할일표[구분],1))+1),3)),구분표[구분],0))),"")} | K20: {=IFERROR(IF(COUNTIFS(할일표[날짜],J$17,할일표[업무],"<>")<3,"",INDEX(할일표[표시],SMALL(IF((할일표[날짜]=J$17)*(할일표[업무]<>""),ROW(할일표[표시])-ROW(INDEX(할일표[표시],1))+1),3))),"")} | L20: {=IFERROR(IF(COUNTIFS(할일표[날짜],J$17,할일표[업무],"<>")<3,"",INDEX(할일표[업무],SMALL(IF((할일표[날짜]=J$17)*(할일표[업무]<>""),ROW(할일표[날짜])-피벗!$T$11),3))),"")} | M20: {=IFERROR(IF(COUNTIFS(할일표[날짜],J$17,할일표[업무],"<>")<3,"",INDEX(할일표[진행률],SMALL(IF((할일표[날짜]=J$17)*(할일표[업무]<>""),ROW(할일표[날짜])-피벗!$T$11),3))),"")} | N20: {=IFERROR(IF(COUNTIFS(할일표[날짜],N$17,할일표[업무],"<>")<3,"",INDEX(구분표[아이콘],MATCH(INDEX(할일표[구분],SMALL(IF((할일표[날짜]=N$17)*(할일표[업무]<>""),ROW(할일표[구분])-ROW(INDEX(할일표[구분],1))+1),3)),구분표[구분],0))),"")} | O20: {=IFERROR(IF(COUNTIFS(할일표[날짜],N$17,할일표[업무],"<>")<3,"",INDEX(할일표[표시],SMALL(IF((할일표[날짜]=N$17)*(할일표[업무]<>""),ROW(할일표[표시])-ROW(INDEX(할일표[표시],1))+1),3))),"")} | P20: {=IFERROR(IF(COUNTIFS(할일표[날짜],N$17,할일표[업무],"<>")<3,"",INDEX(할일표[업무],SMALL(IF((할일표[날짜]=N$17)*(할일표[업무]<>""),ROW(할일표[날짜])-피벗!$T$11),3))),"")} | Q20: {=IFERROR(IF(COUNTIFS(할일표[날짜],N$17,할일표[업무],"<>")<3,"",INDEX(할일표[진행률],SMALL(IF((할일표[날짜]=N$17)*(할일표[업무]<>""),ROW(할일표[날짜])-피벗!$T$11),3))),"")} | R20: {=IFERROR(IF(COUNTIFS(할일표[날짜],R$17,할일표[업무],"<>")<3,"",INDEX(구분표[아이콘],MATCH(INDEX(할일표[구분],SMALL(IF((할일표[날짜]=R$17)*(할일표[업무]<>""),ROW(할일표[구분])-ROW(INDEX(할일표[구분],1))+1),3)),구분표[구분],0))),"")} | S20: {=IFERROR(IF(COUNTIFS(할일표[날짜],R$17,할일표[업무],"<>")<3,"",INDEX(할일표[표시],SMALL(IF((할일표[날짜]=R$17)*(할일표[업무]<>""),ROW(할일표[표시])-ROW(INDEX(할일표[표시],1))+1),3))),"")} | T20: {=IFERROR(IF(COUNTIFS(할일표[날짜],R$17,할일표[업무],"<>")<3,"",INDEX(할일표[업무],SMALL(IF((할일표[날짜]=R$17)*(할일표[업무]<>""),ROW(할일표[날짜])-피벗!$T$11),3))),"")} | U20: {=IFERROR(IF(COUNTIFS(할일표[날짜],R$17,할일표[업무],"<>")<3,"",INDEX(할일표[진행률],SMALL(IF((할일표[날짜]=R$17)*(할일표[업무]<>""),ROW(할일표[날짜])-피벗!$T$11),3))),"")} | V20: {=IFERROR(IF(COUNTIFS(할일표[날짜],V$17,할일표[업무],"<>")<3,"",INDEX(구분표[아이콘],MATCH(INDEX(할일표[구분],SMALL(IF((할일표[날짜]=V$17)*(할일표[업무]<>""),ROW(할일표[구분])-ROW(INDEX(할일표[구분],1))+1),3)),구분표[구분],0))),"")} | W20: {=IFERROR(IF(COUNTIFS(할일표[날짜],V$17,할일표[업무],"<>")<3,"",INDEX(할일표[표시],SMALL(IF((할일표[날짜]=V$17)*(할일표[업무]<>""),ROW(할일표[표시])-ROW(INDEX(할일표[표시],1))+1),3))),"")} | X20: {=IFERROR(IF(COUNTIFS(할일표[날짜],V$17,할일표[업무],"<>")<3,"",INDEX(할일표[업무],SMALL(IF((할일표[날짜]=V$17)*(할일표[업무]<>""),ROW(할일표[날짜])-피벗!$T$11),3))),"")} | Y20: {=IFERROR(IF(COUNTIFS(할일표[날짜],V$17,할일표[업무],"<>")<3,"",INDEX(할일표[진행률],SMALL(IF((할일표[날짜]=V$17)*(할일표[업무]<>""),ROW(할일표[날짜])-피벗!$T$11),3))),"")} | Z20: {=IFERROR(IF(COUNTIFS(할일표[날짜],Z$17,할일표[업무],"<>")<3,"",INDEX(구분표[아이콘],MATCH(INDEX(할일표[구분],SMALL(IF((할일표[날짜]=Z$17)*(할일표[업무]<>""),ROW(할일표[구분])-ROW(INDEX(할일표[구분],1))+1),3)),구분표[구분],0))),"")} | AA20: {=IFERROR(IF(COUNTIFS(할일표[날짜],Z$17,할일표[업무],"<>")<3,"",INDEX(할일표[표시],SMALL(IF((할일표[날짜]=Z$17)*(할일표[업무]<>""),ROW(할일표[표시])-ROW(INDEX(할일표[표시],1))+1),3))),"")} | AB20: {=IFERROR(IF(COUNTIFS(할일표[날짜],Z$17,할일표[업무],"<>")<3,"",INDEX(할일표[업무],SMALL(IF((할일표[날짜]=Z$17)*(할일표[업무]<>""),ROW(할일표[날짜])-피벗!$T$11),3))),"")} | AC20: {=IFERROR(IF(COUNTIFS(할일표[날짜],Z$17,할일표[업무],"<>")<3,"",INDEX(할일표[진행률],SMALL(IF((할일표[날짜]=Z$17)*(할일표[업무]<>""),ROW(할일표[날짜])-피벗!$T$11),3))),"")}
B21: {=IFERROR(IF(COUNTIFS(할일표[날짜],B$17,할일표[업무],"<>")<4,"",INDEX(구분표[아이콘],MATCH(INDEX(할일표[구분],SMALL(IF((할일표[날짜]=B$17)*(할일표[업무]<>""),ROW(할일표[구분])-ROW(INDEX(할일표[구분],1))+1),4)),구분표[구분],0))),"")} | C21: {=IFERROR(IF(COUNTIFS(할일표[날짜],B$17,할일표[업무],"<>")<4,"",INDEX(할일표[표시],SMALL(IF((할일표[날짜]=B$17)*(할일표[업무]<>""),ROW(할일표[표시])-ROW(INDEX(할일표[표시],1))+1),4))),"")} | D21: {=IFERROR(IF(COUNTIFS(할일표[날짜],B$17,할일표[업무],"<>")<4,"",INDEX(할일표[업무],SMALL(IF((할일표[날짜]=B$17)*(할일표[업무]<>""),ROW(할일표[날짜])-피벗!$T$11),4))),"")} | E21: {=IFERROR(IF(COUNTIFS(할일표[날짜],B$17,할일표[업무],"<>")<4,"",INDEX(할일표[진행률],SMALL(IF((할일표[날짜]=B$17)*(할일표[업무]<>""),ROW(할일표[날짜])-피벗!$T$11),4))),"")} | F21: {=IFERROR(IF(COUNTIFS(할일표[날짜],F$17,할일표[업무],"<>")<4,"",INDEX(구분표[아이콘],MATCH(INDEX(할일표[구분],SMALL(IF((할일표[날짜]=F$17)*(할일표[업무]<>""),ROW(할일표[구분])-ROW(INDEX(할일표[구분],1))+1),4)),구분표[구분],0))),"")} | G21: {=IFERROR(IF(COUNTIFS(할일표[날짜],F$17,할일표[업무],"<>")<4,"",INDEX(할일표[표시],SMALL(IF((할일표[날짜]=F$17)*(할일표[업무]<>""),ROW(할일표[표시])-ROW(INDEX(할일표[표시],1))+1),4))),"")} | H21: {=IFERROR(IF(COUNTIFS(할일표[날짜],F$17,할일표[업무],"<>")<4,"",INDEX(할일표[업무],SMALL(IF((할일표[날짜]=F$17)*(할일표[업무]<>""),ROW(할일표[날짜])-피벗!$T$11),4))),"")} | I21: {=IFERROR(IF(COUNTIFS(할일표[날짜],F$17,할일표[업무],"<>")<4,"",INDEX(할일표[진행률],SMALL(IF((할일표[날짜]=F$17)*(할일표[업무]<>""),ROW(할일표[날짜])-피벗!$T$11),4))),"")} | J21: {=IFERROR(IF(COUNTIFS(할일표[날짜],J$17,할일표[업무],"<>")<4,"",INDEX(구분표[아이콘],MATCH(INDEX(할일표[구분],SMALL(IF((할일표[날짜]=J$17)*(할일표[업무]<>""),ROW(할일표[구분])-ROW(INDEX(할일표[구분],1))+1),4)),구분표[구분],0))),"")} | K21: {=IFERROR(IF(COUNTIFS(할일표[날짜],J$17,할일표[업무],"<>")<4,"",INDEX(할일표[표시],SMALL(IF((할일표[날짜]=J$17)*(할일표[업무]<>""),ROW(할일표[표시])-ROW(INDEX(할일표[표시],1))+1),4))),"")} | L21: {=IFERROR(IF(COUNTIFS(할일표[날짜],J$17,할일표[업무],"<>")<4,"",INDEX(할일표[업무],SMALL(IF((할일표[날짜]=J$17)*(할일표[업무]<>""),ROW(할일표[날짜])-피벗!$T$11),4))),"")} | M21: {=IFERROR(IF(COUNTIFS(할일표[날짜],J$17,할일표[업무],"<>")<4,"",INDEX(할일표[진행률],SMALL(IF((할일표[날짜]=J$17)*(할일표[업무]<>""),ROW(할일표[날짜])-피벗!$T$11),4))),"")} | N21: {=IFERROR(IF(COUNTIFS(할일표[날짜],N$17,할일표[업무],"<>")<4,"",INDEX(구분표[아이콘],MATCH(INDEX(할일표[구분],SMALL(IF((할일표[날짜]=N$17)*(할일표[업무]<>""),ROW(할일표[구분])-ROW(INDEX(할일표[구분],1))+1),4)),구분표[구분],0))),"")} | O21: {=IFERROR(IF(COUNTIFS(할일표[날짜],N$17,할일표[업무],"<>")<4,"",INDEX(할일표[표시],SMALL(IF((할일표[날짜]=N$17)*(할일표[업무]<>""),ROW(할일표[표시])-ROW(INDEX(할일표[표시],1))+1),4))),"")} | P21: {=IFERROR(IF(COUNTIFS(할일표[날짜],N$17,할일표[업무],"<>")<4,"",INDEX(할일표[업무],SMALL(IF((할일표[날짜]=N$17)*(할일표[업무]<>""),ROW(할일표[날짜])-피벗!$T$11),4))),"")} | Q21: {=IFERROR(IF(COUNTIFS(할일표[날짜],N$17,할일표[업무],"<>")<4,"",INDEX(할일표[진행률],SMALL(IF((할일표[날짜]=N$17)*(할일표[업무]<>""),ROW(할일표[날짜])-피벗!$T$11),4))),"")} | R21: {=IFERROR(IF(COUNTIFS(할일표[날짜],R$17,할일표[업무],"<>")<4,"",INDEX(구분표[아이콘],MATCH(INDEX(할일표[구분],SMALL(IF((할일표[날짜]=R$17)*(할일표[업무]<>""),ROW(할일표[구분])-ROW(INDEX(할일표[구분],1))+1),4)),구분표[구분],0))),"")} | S21: {=IFERROR(IF(COUNTIFS(할일표[날짜],R$17,할일표[업무],"<>")<4,"",INDEX(할일표[표시],SMALL(IF((할일표[날짜]=R$17)*(할일표[업무]<>""),ROW(할일표[표시])-ROW(INDEX(할일표[표시],1))+1),4))),"")} | T21: {=IFERROR(IF(COUNTIFS(할일표[날짜],R$17,할일표[업무],"<>")<4,"",INDEX(할일표[업무],SMALL(IF((할일표[날짜]=R$17)*(할일표[업무]<>""),ROW(할일표[날짜])-피벗!$T$11),4))),"")} | U21: {=IFERROR(IF(COUNTIFS(할일표[날짜],R$17,할일표[업무],"<>")<4,"",INDEX(할일표[진행률],SMALL(IF((할일표[날짜]=R$17)*(할일표[업무]<>""),ROW(할일표[날짜])-피벗!$T$11),4))),"")} | V21: {=IFERROR(IF(COUNTIFS(할일표[날짜],V$17,할일표[업무],"<>")<4,"",INDEX(구분표[아이콘],MATCH(INDEX(할일표[구분],SMALL(IF((할일표[날짜]=V$17)*(할일표[업무]<>""),ROW(할일표[구분])-ROW(INDEX(할일표[구분],1))+1),4)),구분표[구분],0))),"")} | W21: {=IFERROR(IF(COUNTIFS(할일표[날짜],V$17,할일표[업무],"<>")<4,"",INDEX(할일표[표시],SMALL(IF((할일표[날짜]=V$17)*(할일표[업무]<>""),ROW(할일표[표시])-ROW(INDEX(할일표[표시],1))+1),4))),"")} | X21: {=IFERROR(IF(COUNTIFS(할일표[날짜],V$17,할일표[업무],"<>")<4,"",INDEX(할일표[업무],SMALL(IF((할일표[날짜]=V$17)*(할일표[업무]<>""),ROW(할일표[날짜])-피벗!$T$11),4))),"")} | Y21: {=IFERROR(IF(COUNTIFS(할일표[날짜],V$17,할일표[업무],"<>")<4,"",INDEX(할일표[진행률],SMALL(IF((할일표[날짜]=V$17)*(할일표[업무]<>""),ROW(할일표[날짜])-피벗!$T$11),4))),"")} | Z21: {=IFERROR(IF(COUNTIFS(할일표[날짜],Z$17,할일표[업무],"<>")<4,"",INDEX(구분표[아이콘],MATCH(INDEX(할일표[구분],SMALL(IF((할일표[날짜]=Z$17)*(할일표[업무]<>""),ROW(할일표[구분])-ROW(INDEX(할일표[구분],1))+1),4)),구분표[구분],0))),"")} | AA21: {=IFERROR(IF(COUNTIFS(할일표[날짜],Z$17,할일표[업무],"<>")<4,"",INDEX(할일표[표시],SMALL(IF((할일표[날짜]=Z$17)*(할일표[업무]<>""),ROW(할일표[표시])-ROW(INDEX(할일표[표시],1))+1),4))),"")} | AB21: {=IFERROR(IF(COUNTIFS(할일표[날짜],Z$17,할일표[업무],"<>")<4,"",INDEX(할일표[업무],SMALL(IF((할일표[날짜]=Z$17)*(할일표[업무]<>""),ROW(할일표[날짜])-피벗!$T$11),4))),"")} | AC21: {=IFERROR(IF(COUNTIFS(할일표[날짜],Z$17,할일표[업무],"<>")<4,"",INDEX(할일표[진행률],SMALL(IF((할일표[날짜]=Z$17)*(할일표[업무]<>""),ROW(할일표[날짜])-피벗!$T$11),4))),"")}
B22: {=IFERROR(IF(COUNTIFS(할일표[날짜],B$17,할일표[업무],"<>")<5,"",INDEX(구분표[아이콘],MATCH(INDEX(할일표[구분],SMALL(IF((할일표[날짜]=B$17)*(할일표[업무]<>""),ROW(할일표[구분])-ROW(INDEX(할일표[구분],1))+1),5)),구분표[구분],0))),"")} | C22: {=IFERROR(IF(COUNTIFS(할일표[날짜],B$17,할일표[업무],"<>")<5,"",INDEX(할일표[표시],SMALL(IF((할일표[날짜]=B$17)*(할일표[업무]<>""),ROW(할일표[표시])-ROW(INDEX(할일표[표시],1))+1),5))),"")} | D22: {=IFERROR(IF(COUNTIFS(할일표[날짜],B$17,할일표[업무],"<>")<5,"",INDEX(할일표[업무],SMALL(IF((할일표[날짜]=B$17)*(할일표[업무]<>""),ROW(할일표[날짜])-피벗!$T$11),5))),"")} | E22: {=IFERROR(IF(COUNTIFS(할일표[날짜],B$17,할일표[업무],"<>")<5,"",INDEX(할일표[진행률],SMALL(IF((할일표[날짜]=B$17)*(할일표[업무]<>""),ROW(할일표[날짜])-피벗!$T$11),5))),"")} | F22: {=IFERROR(IF(COUNTIFS(할일표[날짜],F$17,할일표[업무],"<>")<5,"",INDEX(구분표[아이콘],MATCH(INDEX(할일표[구분],SMALL(IF((할일표[날짜]=F$17)*(할일표[업무]<>""),ROW(할일표[구분])-ROW(INDEX(할일표[구분],1))+1),5)),구분표[구분],0))),"")} | G22: {=IFERROR(IF(COUNTIFS(할일표[날짜],F$17,할일표[업무],"<>")<5,"",INDEX(할일표[표시],SMALL(IF((할일표[날짜]=F$17)*(할일표[업무]<>""),ROW(할일표[표시])-ROW(INDEX(할일표[표시],1))+1),5))),"")} | H22: {=IFERROR(IF(COUNTIFS(할일표[날짜],F$17,할일표[업무],"<>")<5,"",INDEX(할일표[업무],SMALL(IF((할일표[날짜]=F$17)*(할일표[업무]<>""),ROW(할일표[날짜])-피벗!$T$11),5))),"")} | I22: {=IFERROR(IF(COUNTIFS(할일표[날짜],F$17,할일표[업무],"<>")<5,"",INDEX(할일표[진행률],SMALL(IF((할일표[날짜]=F$17)*(할일표[업무]<>""),ROW(할일표[날짜])-피벗!$T$11),5))),"")} | J22: {=IFERROR(IF(COUNTIFS(할일표[날짜],J$17,할일표[업무],"<>")<5,"",INDEX(구분표[아이콘],MATCH(INDEX(할일표[구분],SMALL(IF((할일표[날짜]=J$17)*(할일표[업무]<>""),ROW(할일표[구분])-ROW(INDEX(할일표[구분],1))+1),5)),구분표[구분],0))),"")} | K22: {=IFERROR(IF(COUNTIFS(할일표[날짜],J$17,할일표[업무],"<>")<5,"",INDEX(할일표[표시],SMALL(IF((할일표[날짜]=J$17)*(할일표[업무]<>""),ROW(할일표[표시])-ROW(INDEX(할일표[표시],1))+1),5))),"")} | L22: {=IFERROR(IF(COUNTIFS(할일표[날짜],J$17,할일표[업무],"<>")<5,"",INDEX(할일표[업무],SMALL(IF((할일표[날짜]=J$17)*(할일표[업무]<>""),ROW(할일표[날짜])-피벗!$T$11),5))),"")} | M22: {=IFERROR(IF(COUNTIFS(할일표[날짜],J$17,할일표[업무],"<>")<5,"",INDEX(할일표[진행률],SMALL(IF((할일표[날짜]=J$17)*(할일표[업무]<>""),ROW(할일표[날짜])-피벗!$T$11),5))),"")} | N22: {=IFERROR(IF(COUNTIFS(할일표[날짜],N$17,할일표[업무],"<>")<5,"",INDEX(구분표[아이콘],MATCH(INDEX(할일표[구분],SMALL(IF((할일표[날짜]=N$17)*(할일표[업무]<>""),ROW(할일표[구분])-ROW(INDEX(할일표[구분],1))+1),5)),구분표[구분],0))),"")} | O22: {=IFERROR(IF(COUNTIFS(할일표[날짜],N$17,할일표[업무],"<>")<5,"",INDEX(할일표[표시],SMALL(IF((할일표[날짜]=N$17)*(할일표[업무]<>""),ROW(할일표[표시])-ROW(INDEX(할일표[표시],1))+1),5))),"")} | P22: {=IFERROR(IF(COUNTIFS(할일표[날짜],N$17,할일표[업무],"<>")<5,"",INDEX(할일표[업무],SMALL(IF((할일표[날짜]=N$17)*(할일표[업무]<>""),ROW(할일표[날짜])-피벗!$T$11),5))),"")} | Q22: {=IFERROR(IF(COUNTIFS(할일표[날짜],N$17,할일표[업무],"<>")<5,"",INDEX(할일표[진행률],SMALL(IF((할일표[날짜]=N$17)*(할일표[업무]<>""),ROW(할일표[날짜])-피벗!$T$11),5))),"")} | R22: {=IFERROR(IF(COUNTIFS(할일표[날짜],R$17,할일표[업무],"<>")<5,"",INDEX(구분표[아이콘],MATCH(INDEX(할일표[구분],SMALL(IF((할일표[날짜]=R$17)*(할일표[업무]<>""),ROW(할일표[구분])-ROW(INDEX(할일표[구분],1))+1),5)),구분표[구분],0))),"")} | S22: {=IFERROR(IF(COUNTIFS(할일표[날짜],R$17,할일표[업무],"<>")<5,"",INDEX(할일표[표시],SMALL(IF((할일표[날짜]=R$17)*(할일표[업무]<>""),ROW(할일표[표시])-ROW(INDEX(할일표[표시],1))+1),5))),"")} | T22: {=IFERROR(IF(COUNTIFS(할일표[날짜],R$17,할일표[업무],"<>")<5,"",INDEX(할일표[업무],SMALL(IF((할일표[날짜]=R$17)*(할일표[업무]<>""),ROW(할일표[날짜])-피벗!$T$11),5))),"")} | U22: {=IFERROR(IF(COUNTIFS(할일표[날짜],R$17,할일표[업무],"<>")<5,"",INDEX(할일표[진행률],SMALL(IF((할일표[날짜]=R$17)*(할일표[업무]<>""),ROW(할일표[날짜])-피벗!$T$11),5))),"")} | V22: {=IFERROR(IF(COUNTIFS(할일표[날짜],V$17,할일표[업무],"<>")<5,"",INDEX(구분표[아이콘],MATCH(INDEX(할일표[구분],SMALL(IF((할일표[날짜]=V$17)*(할일표[업무]<>""),ROW(할일표[구분])-ROW(INDEX(할일표[구분],1))+1),5)),구분표[구분],0))),"")} | W22: {=IFERROR(IF(COUNTIFS(할일표[날짜],V$17,할일표[업무],"<>")<5,"",INDEX(할일표[표시],SMALL(IF((할일표[날짜]=V$17)*(할일표[업무]<>""),ROW(할일표[표시])-ROW(INDEX(할일표[표시],1))+1),5))),"")} | X22: {=IFERROR(IF(COUNTIFS(할일표[날짜],V$17,할일표[업무],"<>")<5,"",INDEX(할일표[업무],SMALL(IF((할일표[날짜]=V$17)*(할일표[업무]<>""),ROW(할일표[날짜])-피벗!$T$11),5))),"")} | Y22: {=IFERROR(IF(COUNTIFS(할일표[날짜],V$17,할일표[업무],"<>")<5,"",INDEX(할일표[진행률],SMALL(IF((할일표[날짜]=V$17)*(할일표[업무]<>""),ROW(할일표[날짜])-피벗!$T$11),5))),"")} | Z22: {=IFERROR(IF(COUNTIFS(할일표[날짜],Z$17,할일표[업무],"<>")<5,"",INDEX(구분표[아이콘],MATCH(INDEX(할일표[구분],SMALL(IF((할일표[날짜]=Z$17)*(할일표[업무]<>""),ROW(할일표[구분])-ROW(INDEX(할일표[구분],1))+1),5)),구분표[구분],0))),"")} | AA22: {=IFERROR(IF(COUNTIFS(할일표[날짜],Z$17,할일표[업무],"<>")<5,"",INDEX(할일표[표시],SMALL(IF((할일표[날짜]=Z$17)*(할일표[업무]<>""),ROW(할일표[표시])-ROW(INDEX(할일표[표시],1))+1),5))),"")} | AB22: {=IFERROR(IF(COUNTIFS(할일표[날짜],Z$17,할일표[업무],"<>")<5,"",INDEX(할일표[업무],SMALL(IF((할일표[날짜]=Z$17)*(할일표[업무]<>""),ROW(할일표[날짜])-피벗!$T$11),5))),"")} | AC22: {=IFERROR(IF(COUNTIFS(할일표[날짜],Z$17,할일표[업무],"<>")<5,"",INDEX(할일표[진행률],SMALL(IF((할일표[날짜]=Z$17)*(할일표[업무]<>""),ROW(할일표[날짜])-피벗!$T$11),5))),"")}
B23: {=IFERROR(IF(COUNTIFS(할일표[날짜],B$17,할일표[업무],"<>")<6,"",INDEX(구분표[아이콘],MATCH(INDEX(할일표[구분],SMALL(IF((할일표[날짜]=B$17)*(할일표[업무]<>""),ROW(할일표[구분])-ROW(INDEX(할일표[구분],1))+1),6)),구분표[구분],0))),"")} | C23: {=IFERROR(IF(COUNTIFS(할일표[날짜],B$17,할일표[업무],"<>")<6,"",INDEX(할일표[표시],SMALL(IF((할일표[날짜]=B$17)*(할일표[업무]<>""),ROW(할일표[표시])-ROW(INDEX(할일표[표시],1))+1),6))),"")} | D23: {=IFERROR(IF(COUNTIFS(할일표[날짜],B$17,할일표[업무],"<>")<6,"",INDEX(할일표[업무],SMALL(IF((할일표[날짜]=B$17)*(할일표[업무]<>""),ROW(할일표[날짜])-피벗!$T$11),6))),"")} | E23: {=IFERROR(IF(COUNTIFS(할일표[날짜],B$17,할일표[업무],"<>")<6,"",INDEX(할일표[진행률],SMALL(IF((할일표[날짜]=B$17)*(할일표[업무]<>""),ROW(할일표[날짜])-피벗!$T$11),6))),"")} | F23: {=IFERROR(IF(COUNTIFS(할일표[날짜],F$17,할일표[업무],"<>")<6,"",INDEX(구분표[아이콘],MATCH(INDEX(할일표[구분],SMALL(IF((할일표[날짜]=F$17)*(할일표[업무]<>""),ROW(할일표[구분])-ROW(INDEX(할일표[구분],1))+1),6)),구분표[구분],0))),"")} | G23: {=IFERROR(IF(COUNTIFS(할일표[날짜],F$17,할일표[업무],"<>")<6,"",INDEX(할일표[표시],SMALL(IF((할일표[날짜]=F$17)*(할일표[업무]<>""),ROW(할일표[표시])-ROW(INDEX(할일표[표시],1))+1),6))),"")} | H23: {=IFERROR(IF(COUNTIFS(할일표[날짜],F$17,할일표[업무],"<>")<6,"",INDEX(할일표[업무],SMALL(IF((할일표[날짜]=F$17)*(할일표[업무]<>""),ROW(할일표[날짜])-피벗!$T$11),6))),"")} | I23: {=IFERROR(IF(COUNTIFS(할일표[날짜],F$17,할일표[업무],"<>")<6,"",INDEX(할일표[진행률],SMALL(IF((할일표[날짜]=F$17)*(할일표[업무]<>""),ROW(할일표[날짜])-피벗!$T$11),6))),"")} | J23: {=IFERROR(IF(COUNTIFS(할일표[날짜],J$17,할일표[업무],"<>")<6,"",INDEX(구분표[아이콘],MATCH(INDEX(할일표[구분],SMALL(IF((할일표[날짜]=J$17)*(할일표[업무]<>""),ROW(할일표[구분])-ROW(INDEX(할일표[구분],1))+1),6)),구분표[구분],0))),"")} | K23: {=IFERROR(IF(COUNTIFS(할일표[날짜],J$17,할일표[업무],"<>")<6,"",INDEX(할일표[표시],SMALL(IF((할일표[날짜]=J$17)*(할일표[업무]<>""),ROW(할일표[표시])-ROW(INDEX(할일표[표시],1))+1),6))),"")} | L23: {=IFERROR(IF(COUNTIFS(할일표[날짜],J$17,할일표[업무],"<>")<6,"",INDEX(할일표[업무],SMALL(IF((할일표[날짜]=J$17)*(할일표[업무]<>""),ROW(할일표[날짜])-피벗!$T$11),6))),"")} | M23: {=IFERROR(IF(COUNTIFS(할일표[날짜],J$17,할일표[업무],"<>")<6,"",INDEX(할일표[진행률],SMALL(IF((할일표[날짜]=J$17)*(할일표[업무]<>""),ROW(할일표[날짜])-피벗!$T$11),6))),"")} | N23: {=IFERROR(IF(COUNTIFS(할일표[날짜],N$17,할일표[업무],"<>")<6,"",INDEX(구분표[아이콘],MATCH(INDEX(할일표[구분],SMALL(IF((할일표[날짜]=N$17)*(할일표[업무]<>""),ROW(할일표[구분])-ROW(INDEX(할일표[구분],1))+1),6)),구분표[구분],0))),"")} | O23: {=IFERROR(IF(COUNTIFS(할일표[날짜],N$17,할일표[업무],"<>")<6,"",INDEX(할일표[표시],SMALL(IF((할일표[날짜]=N$17)*(할일표[업무]<>""),ROW(할일표[표시])-ROW(INDEX(할일표[표시],1))+1),6))),"")} | P23: {=IFERROR(IF(COUNTIFS(할일표[날짜],N$17,할일표[업무],"<>")<6,"",INDEX(할일표[업무],SMALL(IF((할일표[날짜]=N$17)*(할일표[업무]<>""),ROW(할일표[날짜])-피벗!$T$11),6))),"")} | Q23: {=IFERROR(IF(COUNTIFS(할일표[날짜],N$17,할일표[업무],"<>")<6,"",INDEX(할일표[진행률],SMALL(IF((할일표[날짜]=N$17)*(할일표[업무]<>""),ROW(할일표[날짜])-피벗!$T$11),6))),"")} | R23: {=IFERROR(IF(COUNTIFS(할일표[날짜],R$17,할일표[업무],"<>")<6,"",INDEX(구분표[아이콘],MATCH(INDEX(할일표[구분],SMALL(IF((할일표[날짜]=R$17)*(할일표[업무]<>""),ROW(할일표[구분])-ROW(INDEX(할일표[구분],1))+1),6)),구분표[구분],0))),"")} | S23: {=IFERROR(IF(COUNTIFS(할일표[날짜],R$17,할일표[업무],"<>")<6,"",INDEX(할일표[표시],SMALL(IF((할일표[날짜]=R$17)*(할일표[업무]<>""),ROW(할일표[표시])-ROW(INDEX(할일표[표시],1))+1),6))),"")} | T23: {=IFERROR(IF(COUNTIFS(할일표[날짜],R$17,할일표[업무],"<>")<6,"",INDEX(할일표[업무],SMALL(IF((할일표[날짜]=R$17)*(할일표[업무]<>""),ROW(할일표[날짜])-피벗!$T$11),6))),"")} | U23: {=IFERROR(IF(COUNTIFS(할일표[날짜],R$17,할일표[업무],"<>")<6,"",INDEX(할일표[진행률],SMALL(IF((할일표[날짜]=R$17)*(할일표[업무]<>""),ROW(할일표[날짜])-피벗!$T$11),6))),"")} | V23: {=IFERROR(IF(COUNTIFS(할일표[날짜],V$17,할일표[업무],"<>")<6,"",INDEX(구분표[아이콘],MATCH(INDEX(할일표[구분],SMALL(IF((할일표[날짜]=V$17)*(할일표[업무]<>""),ROW(할일표[구분])-ROW(INDEX(할일표[구분],1))+1),6)),구분표[구분],0))),"")} | W23: {=IFERROR(IF(COUNTIFS(할일표[날짜],V$17,할일표[업무],"<>")<6,"",INDEX(할일표[표시],SMALL(IF((할일표[날짜]=V$17)*(할일표[업무]<>""),ROW(할일표[표시])-ROW(INDEX(할일표[표시],1))+1),6))),"")} | X23: {=IFERROR(IF(COUNTIFS(할일표[날짜],V$17,할일표[업무],"<>")<6,"",INDEX(할일표[업무],SMALL(IF((할일표[날짜]=V$17)*(할일표[업무]<>""),ROW(할일표[날짜])-피벗!$T$11),6))),"")} | Y23: {=IFERROR(IF(COUNTIFS(할일표[날짜],V$17,할일표[업무],"<>")<6,"",INDEX(할일표[진행률],SMALL(IF((할일표[날짜]=V$17)*(할일표[업무]<>""),ROW(할일표[날짜])-피벗!$T$11),6))),"")} | Z23: {=IFERROR(IF(COUNTIFS(할일표[날짜],Z$17,할일표[업무],"<>")<6,"",INDEX(구분표[아이콘],MATCH(INDEX(할일표[구분],SMALL(IF((할일표[날짜]=Z$17)*(할일표[업무]<>""),ROW(할일표[구분])-ROW(INDEX(할일표[구분],1))+1),6)),구분표[구분],0))),"")} | AA23: {=IFERROR(IF(COUNTIFS(할일표[날짜],Z$17,할일표[업무],"<>")<6,"",INDEX(할일표[표시],SMALL(IF((할일표[날짜]=Z$17)*(할일표[업무]<>""),ROW(할일표[표시])-ROW(INDEX(할일표[표시],1))+1),6))),"")} | AB23: {=IFERROR(IF(COUNTIFS(할일표[날짜],Z$17,할일표[업무],"<>")<6,"",INDEX(할일표[업무],SMALL(IF((할일표[날짜]=Z$17)*(할일표[업무]<>""),ROW(할일표[날짜])-피벗!$T$11),6))),"")} | AC23: {=IFERROR(IF(COUNTIFS(할일표[날짜],Z$17,할일표[업무],"<>")<6,"",INDEX(할일표[진행률],SMALL(IF((할일표[날짜]=Z$17)*(할일표[업무]<>""),ROW(할일표[날짜])-피벗!$T$11),6))),"")}
B24: {=IFERROR(IF(COUNTIFS(할일표[날짜],B$17,할일표[업무],"<>")<7,"",INDEX(구분표[아이콘],MATCH(INDEX(할일표[구분],SMALL(IF((할일표[날짜]=B$17)*(할일표[업무]<>""),ROW(할일표[구분])-ROW(INDEX(할일표[구분],1))+1),7)),구분표[구분],0))),"")} | C24: {=IFERROR(IF(COUNTIFS(할일표[날짜],B$17,할일표[업무],"<>")<7,"",INDEX(할일표[표시],SMALL(IF((할일표[날짜]=B$17)*(할일표[업무]<>""),ROW(할일표[표시])-ROW(INDEX(할일표[표시],1))+1),7))),"")} | D24: {=IFERROR(IF(COUNTIFS(할일표[날짜],B$17,할일표[업무],"<>")<7,"",INDEX(할일표[업무],SMALL(IF((할일표[날짜]=B$17)*(할일표[업무]<>""),ROW(할일표[날짜])-피벗!$T$11),7))),"")} | E24: {=IFERROR(IF(COUNTIFS(할일표[날짜],B$17,할일표[업무],"<>")<7,"",INDEX(할일표[진행률],SMALL(IF((할일표[날짜]=B$17)*(할일표[업무]<>""),ROW(할일표[날짜])-피벗!$T$11),7))),"")} | F24: {=IFERROR(IF(COUNTIFS(할일표[날짜],F$17,할일표[업무],"<>")<7,"",INDEX(구분표[아이콘],MATCH(INDEX(할일표[구분],SMALL(IF((할일표[날짜]=F$17)*(할일표[업무]<>""),ROW(할일표[구분])-ROW(INDEX(할일표[구분],1))+1),7)),구분표[구분],0))),"")} | G24: {=IFERROR(IF(COUNTIFS(할일표[날짜],F$17,할일표[업무],"<>")<7,"",INDEX(할일표[표시],SMALL(IF((할일표[날짜]=F$17)*(할일표[업무]<>""),ROW(할일표[표시])-ROW(INDEX(할일표[표시],1))+1),7))),"")} | H24: {=IFERROR(IF(COUNTIFS(할일표[날짜],F$17,할일표[업무],"<>")<7,"",INDEX(할일표[업무],SMALL(IF((할일표[날짜]=F$17)*(할일표[업무]<>""),ROW(할일표[날짜])-피벗!$T$11),7))),"")} | I24: {=IFERROR(IF(COUNTIFS(할일표[날짜],F$17,할일표[업무],"<>")<7,"",INDEX(할일표[진행률],SMALL(IF((할일표[날짜]=F$17)*(할일표[업무]<>""),ROW(할일표[날짜])-피벗!$T$11),7))),"")} | J24: {=IFERROR(IF(COUNTIFS(할일표[날짜],J$17,할일표[업무],"<>")<7,"",INDEX(구분표[아이콘],MATCH(INDEX(할일표[구분],SMALL(IF((할일표[날짜]=J$17)*(할일표[업무]<>""),ROW(할일표[구분])-ROW(INDEX(할일표[구분],1))+1),7)),구분표[구분],0))),"")} | K24: {=IFERROR(IF(COUNTIFS(할일표[날짜],J$17,할일표[업무],"<>")<7,"",INDEX(할일표[표시],SMALL(IF((할일표[날짜]=J$17)*(할일표[업무]<>""),ROW(할일표[표시])-ROW(INDEX(할일표[표시],1))+1),7))),"")} | L24: {=IFERROR(IF(COUNTIFS(할일표[날짜],J$17,할일표[업무],"<>")<7,"",INDEX(할일표[업무],SMALL(IF((할일표[날짜]=J$17)*(할일표[업무]<>""),ROW(할일표[날짜])-피벗!$T$11),7))),"")} | M24: {=IFERROR(IF(COUNTIFS(할일표[날짜],J$17,할일표[업무],"<>")<7,"",INDEX(할일표[진행률],SMALL(IF((할일표[날짜]=J$17)*(할일표[업무]<>""),ROW(할일표[날짜])-피벗!$T$11),7))),"")} | N24: {=IFERROR(IF(COUNTIFS(할일표[날짜],N$17,할일표[업무],"<>")<7,"",INDEX(구분표[아이콘],MATCH(INDEX(할일표[구분],SMALL(IF((할일표[날짜]=N$17)*(할일표[업무]<>""),ROW(할일표[구분])-ROW(INDEX(할일표[구분],1))+1),7)),구분표[구분],0))),"")} | O24: {=IFERROR(IF(COUNTIFS(할일표[날짜],N$17,할일표[업무],"<>")<7,"",INDEX(할일표[표시],SMALL(IF((할일표[날짜]=N$17)*(할일표[업무]<>""),ROW(할일표[표시])-ROW(INDEX(할일표[표시],1))+1),7))),"")} | P24: {=IFERROR(IF(COUNTIFS(할일표[날짜],N$17,할일표[업무],"<>")<7,"",INDEX(할일표[업무],SMALL(IF((할일표[날짜]=N$17)*(할일표[업무]<>""),ROW(할일표[날짜])-피벗!$T$11),7))),"")} | Q24: {=IFERROR(IF(COUNTIFS(할일표[날짜],N$17,할일표[업무],"<>")<7,"",INDEX(할일표[진행률],SMALL(IF((할일표[날짜]=N$17)*(할일표[업무]<>""),ROW(할일표[날짜])-피벗!$T$11),7))),"")} | R24: {=IFERROR(IF(COUNTIFS(할일표[날짜],R$17,할일표[업무],"<>")<7,"",INDEX(구분표[아이콘],MATCH(INDEX(할일표[구분],SMALL(IF((할일표[날짜]=R$17)*(할일표[업무]<>""),ROW(할일표[구분])-ROW(INDEX(할일표[구분],1))+1),7)),구분표[구분],0))),"")} | S24: {=IFERROR(IF(COUNTIFS(할일표[날짜],R$17,할일표[업무],"<>")<7,"",INDEX(할일표[표시],SMALL(IF((할일표[날짜]=R$17)*(할일표[업무]<>""),ROW(할일표[표시])-ROW(INDEX(할일표[표시],1))+1),7))),"")} | T24: {=IFERROR(IF(COUNTIFS(할일표[날짜],R$17,할일표[업무],"<>")<7,"",INDEX(할일표[업무],SMALL(IF((할일표[날짜]=R$17)*(할일표[업무]<>""),ROW(할일표[날짜])-피벗!$T$11),7))),"")} | U24: {=IFERROR(IF(COUNTIFS(할일표[날짜],R$17,할일표[업무],"<>")<7,"",INDEX(할일표[진행률],SMALL(IF((할일표[날짜]=R$17)*(할일표[업무]<>""),ROW(할일표[날짜])-피벗!$T$11),7))),"")} | V24: {=IFERROR(IF(COUNTIFS(할일표[날짜],V$17,할일표[업무],"<>")<7,"",INDEX(구분표[아이콘],MATCH(INDEX(할일표[구분],SMALL(IF((할일표[날짜]=V$17)*(할일표[업무]<>""),ROW(할일표[구분])-ROW(INDEX(할일표[구분],1))+1),7)),구분표[구분],0))),"")} | W24: {=IFERROR(IF(COUNTIFS(할일표[날짜],V$17,할일표[업무],"<>")<7,"",INDEX(할일표[표시],SMALL(IF((할일표[날짜]=V$17)*(할일표[업무]<>""),ROW(할일표[표시])-ROW(INDEX(할일표[표시],1))+1),7))),"")} | X24: {=IFERROR(IF(COUNTIFS(할일표[날짜],V$17,할일표[업무],"<>")<7,"",INDEX(할일표[업무],SMALL(IF((할일표[날짜]=V$17)*(할일표[업무]<>""),ROW(할일표[날짜])-피벗!$T$11),7))),"")} | Y24: {=IFERROR(IF(COUNTIFS(할일표[날짜],V$17,할일표[업무],"<>")<7,"",INDEX(할일표[진행률],SMALL(IF((할일표[날짜]=V$17)*(할일표[업무]<>""),ROW(할일표[날짜])-피벗!$T$11),7))),"")} | Z24: {=IFERROR(IF(COUNTIFS(할일표[날짜],Z$17,할일표[업무],"<>")<7,"",INDEX(구분표[아이콘],MATCH(INDEX(할일표[구분],SMALL(IF((할일표[날짜]=Z$17)*(할일표[업무]<>""),ROW(할일표[구분])-ROW(INDEX(할일표[구분],1))+1),7)),구분표[구분],0))),"")} | AA24: {=IFERROR(IF(COUNTIFS(할일표[날짜],Z$17,할일표[업무],"<>")<7,"",INDEX(할일표[표시],SMALL(IF((할일표[날짜]=Z$17)*(할일표[업무]<>""),ROW(할일표[표시])-ROW(INDEX(할일표[표시],1))+1),7))),"")} | AB24: {=IFERROR(IF(COUNTIFS(할일표[날짜],Z$17,할일표[업무],"<>")<7,"",INDEX(할일표[업무],SMALL(IF((할일표[날짜]=Z$17)*(할일표[업무]<>""),ROW(할일표[날짜])-피벗!$T$11),7))),"")} | AC24: {=IFERROR(IF(COUNTIFS(할일표[날짜],Z$17,할일표[업무],"<>")<7,"",INDEX(할일표[진행률],SMALL(IF((할일표[날짜]=Z$17)*(할일표[업무]<>""),ROW(할일표[날짜])-피벗!$T$11),7))),"")}
B25: {=IFERROR(IF(COUNTIFS(할일표[날짜],B$17,할일표[업무],"<>")<8,"",INDEX(구분표[아이콘],MATCH(INDEX(할일표[구분],SMALL(IF((할일표[날짜]=B$17)*(할일표[업무]<>""),ROW(할일표[구분])-ROW(INDEX(할일표[구분],1))+1),8)),구분표[구분],0))),"")} | C25: {=IFERROR(IF(COUNTIFS(할일표[날짜],B$17,할일표[업무],"<>")<8,"",INDEX(할일표[표시],SMALL(IF((할일표[날짜]=B$17)*(할일표[업무]<>""),ROW(할일표[표시])-ROW(INDEX(할일표[표시],1))+1),8))),"")} | D25: {=IFERROR(IF(COUNTIFS(할일표[날짜],B$17,할일표[업무],"<>")<8,"",INDEX(할일표[업무],SMALL(IF((할일표[날짜]=B$17)*(할일표[업무]<>""),ROW(할일표[날짜])-피벗!$T$11),8))),"")} | E25: {=IFERROR(IF(COUNTIFS(할일표[날짜],B$17,할일표[업무],"<>")<8,"",INDEX(할일표[진행률],SMALL(IF((할일표[날짜]=B$17)*(할일표[업무]<>""),ROW(할일표[날짜])-피벗!$T$11),8))),"")} | F25: {=IFERROR(IF(COUNTIFS(할일표[날짜],F$17,할일표[업무],"<>")<8,"",INDEX(구분표[아이콘],MATCH(INDEX(할일표[구분],SMALL(IF((할일표[날짜]=F$17)*(할일표[업무]<>""),ROW(할일표[구분])-ROW(INDEX(할일표[구분],1))+1),8)),구분표[구분],0))),"")} | G25: {=IFERROR(IF(COUNTIFS(할일표[날짜],F$17,할일표[업무],"<>")<8,"",INDEX(할일표[표시],SMALL(IF((할일표[날짜]=F$17)*(할일표[업무]<>""),ROW(할일표[표시])-ROW(INDEX(할일표[표시],1))+1),8))),"")} | H25: {=IFERROR(IF(COUNTIFS(할일표[날짜],F$17,할일표[업무],"<>")<8,"",INDEX(할일표[업무],SMALL(IF((할일표[날짜]=F$17)*(할일표[업무]<>""),ROW(할일표[날짜])-피벗!$T$11),8))),"")} | I25: {=IFERROR(IF(COUNTIFS(할일표[날짜],F$17,할일표[업무],"<>")<8,"",INDEX(할일표[진행률],SMALL(IF((할일표[날짜]=F$17)*(할일표[업무]<>""),ROW(할일표[날짜])-피벗!$T$11),8))),"")} | J25: {=IFERROR(IF(COUNTIFS(할일표[날짜],J$17,할일표[업무],"<>")<8,"",INDEX(구분표[아이콘],MATCH(INDEX(할일표[구분],SMALL(IF((할일표[날짜]=J$17)*(할일표[업무]<>""),ROW(할일표[구분])-ROW(INDEX(할일표[구분],1))+1),8)),구분표[구분],0))),"")} | K25: {=IFERROR(IF(COUNTIFS(할일표[날짜],J$17,할일표[업무],"<>")<8,"",INDEX(할일표[표시],SMALL(IF((할일표[날짜]=J$17)*(할일표[업무]<>""),ROW(할일표[표시])-ROW(INDEX(할일표[표시],1))+1),8))),"")} | L25: {=IFERROR(IF(COUNTIFS(할일표[날짜],J$17,할일표[업무],"<>")<8,"",INDEX(할일표[업무],SMALL(IF((할일표[날짜]=J$17)*(할일표[업무]<>""),ROW(할일표[날짜])-피벗!$T$11),8))),"")} | M25: {=IFERROR(IF(COUNTIFS(할일표[날짜],J$17,할일표[업무],"<>")<8,"",INDEX(할일표[진행률],SMALL(IF((할일표[날짜]=J$17)*(할일표[업무]<>""),ROW(할일표[날짜])-피벗!$T$11),8))),"")} | N25: {=IFERROR(IF(COUNTIFS(할일표[날짜],N$17,할일표[업무],"<>")<8,"",INDEX(구분표[아이콘],MATCH(INDEX(할일표[구분],SMALL(IF((할일표[날짜]=N$17)*(할일표[업무]<>""),ROW(할일표[구분])-ROW(INDEX(할일표[구분],1))+1),8)),구분표[구분],0))),"")} | O25: {=IFERROR(IF(COUNTIFS(할일표[날짜],N$17,할일표[업무],"<>")<8,"",INDEX(할일표[표시],SMALL(IF((할일표[날짜]=N$17)*(할일표[업무]<>""),ROW(할일표[표시])-ROW(INDEX(할일표[표시],1))+1),8))),"")} | P25: {=IFERROR(IF(COUNTIFS(할일표[날짜],N$17,할일표[업무],"<>")<8,"",INDEX(할일표[업무],SMALL(IF((할일표[날짜]=N$17)*(할일표[업무]<>""),ROW(할일표[날짜])-피벗!$T$11),8))),"")} | Q25: {=IFERROR(IF(COUNTIFS(할일표[날짜],N$17,할일표[업무],"<>")<8,"",INDEX(할일표[진행률],SMALL(IF((할일표[날짜]=N$17)*(할일표[업무]<>""),ROW(할일표[날짜])-피벗!$T$11),8))),"")} | R25: {=IFERROR(IF(COUNTIFS(할일표[날짜],R$17,할일표[업무],"<>")<8,"",INDEX(구분표[아이콘],MATCH(INDEX(할일표[구분],SMALL(IF((할일표[날짜]=R$17)*(할일표[업무]<>""),ROW(할일표[구분])-ROW(INDEX(할일표[구분],1))+1),8)),구분표[구분],0))),"")} | S25: {=IFERROR(IF(COUNTIFS(할일표[날짜],R$17,할일표[업무],"<>")<8,"",INDEX(할일표[표시],SMALL(IF((할일표[날짜]=R$17)*(할일표[업무]<>""),ROW(할일표[표시])-ROW(INDEX(할일표[표시],1))+1),8))),"")} | T25: {=IFERROR(IF(COUNTIFS(할일표[날짜],R$17,할일표[업무],"<>")<8,"",INDEX(할일표[업무],SMALL(IF((할일표[날짜]=R$17)*(할일표[업무]<>""),ROW(할일표[날짜])-피벗!$T$11),8))),"")} | U25: {=IFERROR(IF(COUNTIFS(할일표[날짜],R$17,할일표[업무],"<>")<8,"",INDEX(할일표[진행률],SMALL(IF((할일표[날짜]=R$17)*(할일표[업무]<>""),ROW(할일표[날짜])-피벗!$T$11),8))),"")} | V25: {=IFERROR(IF(COUNTIFS(할일표[날짜],V$17,할일표[업무],"<>")<8,"",INDEX(구분표[아이콘],MATCH(INDEX(할일표[구분],SMALL(IF((할일표[날짜]=V$17)*(할일표[업무]<>""),ROW(할일표[구분])-ROW(INDEX(할일표[구분],1))+1),8)),구분표[구분],0))),"")} | W25: {=IFERROR(IF(COUNTIFS(할일표[날짜],V$17,할일표[업무],"<>")<8,"",INDEX(할일표[표시],SMALL(IF((할일표[날짜]=V$17)*(할일표[업무]<>""),ROW(할일표[표시])-ROW(INDEX(할일표[표시],1))+1),8))),"")} | X25: {=IFERROR(IF(COUNTIFS(할일표[날짜],V$17,할일표[업무],"<>")<8,"",INDEX(할일표[업무],SMALL(IF((할일표[날짜]=V$17)*(할일표[업무]<>""),ROW(할일표[날짜])-피벗!$T$11),8))),"")} | Y25: {=IFERROR(IF(COUNTIFS(할일표[날짜],V$17,할일표[업무],"<>")<8,"",INDEX(할일표[진행률],SMALL(IF((할일표[날짜]=V$17)*(할일표[업무]<>""),ROW(할일표[날짜])-피벗!$T$11),8))),"")} | Z25: {=IFERROR(IF(COUNTIFS(할일표[날짜],Z$17,할일표[업무],"<>")<8,"",INDEX(구분표[아이콘],MATCH(INDEX(할일표[구분],SMALL(IF((할일표[날짜]=Z$17)*(할일표[업무]<>""),ROW(할일표[구분])-ROW(INDEX(할일표[구분],1))+1),8)),구분표[구분],0))),"")} | AA25: {=IFERROR(IF(COUNTIFS(할일표[날짜],Z$17,할일표[업무],"<>")<8,"",INDEX(할일표[표시],SMALL(IF((할일표[날짜]=Z$17)*(할일표[업무]<>""),ROW(할일표[표시])-ROW(INDEX(할일표[표시],1))+1),8))),"")} | AB25: {=IFERROR(IF(COUNTIFS(할일표[날짜],Z$17,할일표[업무],"<>")<8,"",INDEX(할일표[업무],SMALL(IF((할일표[날짜]=Z$17)*(할일표[업무]<>""),ROW(할일표[날짜])-피벗!$T$11),8))),"")} | AC25: {=IFERROR(IF(COUNTIFS(할일표[날짜],Z$17,할일표[업무],"<>")<8,"",INDEX(할일표[진행률],SMALL(IF((할일표[날짜]=Z$17)*(할일표[업무]<>""),ROW(할일표[날짜])-피벗!$T$11),8))),"")}
B27: =Z17+1 -> 46278 | F27: =B27+1 -> 46279 | J27: =F27+1 -> 46280 | N27: =J27+1 -> 46281 | R27: =N27+1 -> 46282 | V27: =R27+1 -> 46283 | Z27: =V27+1 -> 46284
B28: {=IFERROR(IF(COUNTIFS(할일표[날짜],B$27,할일표[업무],"<>")<1,"",INDEX(구분표[아이콘],MATCH(INDEX(할일표[구분],SMALL(IF((할일표[날짜]=B$27)*(할일표[업무]<>""),ROW(할일표[구분])-ROW(INDEX(할일표[구분],1))+1),1)),구분표[구분],0))),"")} | C28: {=IFERROR(IF(COUNTIFS(할일표[날짜],B$27,할일표[업무],"<>")<1,"",INDEX(할일표[표시],SMALL(IF((할일표[날짜]=B$27)*(할일표[업무]<>""),ROW(할일표[표시])-ROW(INDEX(할일표[표시],1))+1),1))),"")} | D28: {=IFERROR(IF(COUNTIFS(할일표[날짜],B$27,할일표[업무],"<>")<1,"",INDEX(할일표[업무],SMALL(IF((할일표[날짜]=B$27)*(할일표[업무]<>""),ROW(할일표[날짜])-피벗!$T$11),1))),"")} | E28: {=IFERROR(IF(COUNTIFS(할일표[날짜],B$27,할일표[업무],"<>")<1,"",INDEX(할일표[진행률],SMALL(IF((할일표[날짜]=B$27)*(할일표[업무]<>""),ROW(할일표[날짜])-피벗!$T$11),1))),"")} | F28: {=IFERROR(IF(COUNTIFS(할일표[날짜],F$27,할일표[업무],"<>")<1,"",INDEX(구분표[아이콘],MATCH(INDEX(할일표[구분],SMALL(IF((할일표[날짜]=F$27)*(할일표[업무]<>""),ROW(할일표[구분])-ROW(INDEX(할일표[구분],1))+1),1)),구분표[구분],0))),"")} | G28: {=IFERROR(IF(COUNTIFS(할일표[날짜],F$27,할일표[업무],"<>")<1,"",INDEX(할일표[표시],SMALL(IF((할일표[날짜]=F$27)*(할일표[업무]<>""),ROW(할일표[표시])-ROW(INDEX(할일표[표시],1))+1),1))),"")} | H28: {=IFERROR(IF(COUNTIFS(할일표[날짜],F$27,할일표[업무],"<>")<1,"",INDEX(할일표[업무],SMALL(IF((할일표[날짜]=F$27)*(할일표[업무]<>""),ROW(할일표[날짜])-피벗!$T$11),1))),"")} | I28: {=IFERROR(IF(COUNTIFS(할일표[날짜],F$27,할일표[업무],"<>")<1,"",INDEX(할일표[진행률],SMALL(IF((할일표[날짜]=F$27)*(할일표[업무]<>""),ROW(할일표[날짜])-피벗!$T$11),1))),"")} | J28: {=IFERROR(IF(COUNTIFS(할일표[날짜],J$27,할일표[업무],"<>")<1,"",INDEX(구분표[아이콘],MATCH(INDEX(할일표[구분],SMALL(IF((할일표[날짜]=J$27)*(할일표[업무]<>""),ROW(할일표[구분])-ROW(INDEX(할일표[구분],1))+1),1)),구분표[구분],0))),"")} | K28: {=IFERROR(IF(COUNTIFS(할일표[날짜],J$27,할일표[업무],"<>")<1,"",INDEX(할일표[표시],SMALL(IF((할일표[날짜]=J$27)*(할일표[업무]<>""),ROW(할일표[표시])-ROW(INDEX(할일표[표시],1))+1),1))),"")} | L28: {=IFERROR(IF(COUNTIFS(할일표[날짜],J$27,할일표[업무],"<>")<1,"",INDEX(할일표[업무],SMALL(IF((할일표[날짜]=J$27)*(할일표[업무]<>""),ROW(할일표[날짜])-피벗!$T$11),1))),"")} | M28: {=IFERROR(IF(COUNTIFS(할일표[날짜],J$27,할일표[업무],"<>")<1,"",INDEX(할일표[진행률],SMALL(IF((할일표[날짜]=J$27)*(할일표[업무]<>""),ROW(할일표[날짜])-피벗!$T$11),1))),"")} | N28: {=IFERROR(IF(COUNTIFS(할일표[날짜],N$27,할일표[업무],"<>")<1,"",INDEX(구분표[아이콘],MATCH(INDEX(할일표[구분],SMALL(IF((할일표[날짜]=N$27)*(할일표[업무]<>""),ROW(할일표[구분])-ROW(INDEX(할일표[구분],1))+1),1)),구분표[구분],0))),"")} -> 🗓️ | O28: {=IFERROR(IF(COUNTIFS(할일표[날짜],N$27,할일표[업무],"<>")<1,"",INDEX(할일표[표시],SMALL(IF((할일표[날짜]=N$27)*(할일표[업무]<>""),ROW(할일표[표시])-ROW(INDEX(할일표[표시],1))+1),1))),"")} -> 3 | P28: {=IFERROR(IF(COUNTIFS(할일표[날짜],N$27,할일표[업무],"<>")<1,"",INDEX(할일표[업무],SMALL(IF((할일표[날짜]=N$27)*(할일표[업무]<>""),ROW(할일표[날짜])-피벗!$T$11),1))),"")} -> 10:00 신제품 프로모션 미팅 | Q28: {=IFERROR(IF(COUNTIFS(할일표[날짜],N$27,할일표[업무],"<>")<1,"",INDEX(할일표[진행률],SMALL(IF((할일표[날짜]=N$27)*(할일표[업무]<>""),ROW(할일표[날짜])-피벗!$T$11),1))),"")} -> 0 | R28: {=IFERROR(IF(COUNTIFS(할일표[날짜],R$27,할일표[업무],"<>")<1,"",INDEX(구분표[아이콘],MATCH(INDEX(할일표[구분],SMALL(IF((할일표[날짜]=R$27)*(할일표[업무]<>""),ROW(할일표[구분])-ROW(INDEX(할일표[구분],1))+1),1)),구분표[구분],0))),"")} -> 0 | S28: {=IFERROR(IF(COUNTIFS(할일표[날짜],R$27,할일표[업무],"<>")<1,"",INDEX(할일표[표시],SMALL(IF((할일표[날짜]=R$27)*(할일표[업무]<>""),ROW(할일표[표시])-ROW(INDEX(할일표[표시],1))+1),1))),"")} -> 1 | T28: {=IFERROR(IF(COUNTIFS(할일표[날짜],R$27,할일표[업무],"<>")<1,"",INDEX(할일표[업무],SMALL(IF((할일표[날짜]=R$27)*(할일표[업무]<>""),ROW(할일표[날짜])-피벗!$T$11),1))),"")} -> 블로그 포스팅 | U28: {=IFERROR(IF(COUNTIFS(할일표[날짜],R$27,할일표[업무],"<>")<1,"",INDEX(할일표[진행률],SMALL(IF((할일표[날짜]=R$27)*(할일표[업무]<>""),ROW(할일표[날짜])-피벗!$T$11),1))),"")} -> 0.5 | V28: {=IFERROR(IF(COUNTIFS(할일표[날짜],V$27,할일표[업무],"<>")<1,"",INDEX(구분표[아이콘],MATCH(INDEX(할일표[구분],SMALL(IF((할일표[날짜]=V$27)*(할일표[업무]<>""),ROW(할일표[구분])-ROW(INDEX(할일표[구분],1))+1),1)),구분표[구분],0))),"")} -> 0 | W28: {=IFERROR(IF(COUNTIFS(할일표[날짜],V$27,할일표[업무],"<>")<1,"",INDEX(할일표[표시],SMALL(IF((할일표[날짜]=V$27)*(할일표[업무]<>""),ROW(할일표[표시])-ROW(INDEX(할일표[표시],1))+1),1))),"")} -> 3 | X28: {=IFERROR(IF(COUNTIFS(할일표[날짜],V$27,할일표[업무],"<>")<1,"",INDEX(할일표[업무],SMALL(IF((할일표[날짜]=V$27)*(할일표[업무]<>""),ROW(할일표[날짜])-피벗!$T$11),1))),"")} -> 카드뉴스 기획 | Y28: {=IFERROR(IF(COUNTIFS(할일표[날짜],V$27,할일표[업무],"<>")<1,"",INDEX(할일표[진행률],SMALL(IF((할일표[날짜]=V$27)*(할일표[업무]<>""),ROW(할일표[날짜])-피벗!$T$11),1))),"")} -> 1 | Z28: {=IFERROR(IF(COUNTIFS(할일표[날짜],Z$27,할일표[업무],"<>")<1,"",INDEX(구분표[아이콘],MATCH(INDEX(할일표[구분],SMALL(IF((할일표[날짜]=Z$27)*(할일표[업무]<>""),ROW(할일표[구분])-ROW(INDEX(할일표[구분],1))+1),1)),구분표[구분],0))),"")} -> 0 | AA28: {=IFERROR(IF(COUNTIFS(할일표[날짜],Z$27,할일표[업무],"<>")<1,"",INDEX(할일표[표시],SMALL(IF((할일표[날짜]=Z$27)*(할일표[업무]<>""),ROW(할일표[표시])-ROW(INDEX(할일표[표시],1))+1),1))),"")} -> 2 | AB28: {=IFERROR(IF(COUNTIFS(할일표[날짜],Z$27,할일표[업무],"<>")<1,"",INDEX(할일표[업무],SMALL(IF((할일표[날짜]=Z$27)*(할일표[업무]<>""),ROW(할일표[날짜])-피벗!$T$11),1))),"")} -> 카드뉴스 초안 작성 | AC28: {=IFERROR(IF(COUNTIFS(할일표[날짜],Z$27,할일표[업무],"<>")<1,"",INDEX(할일표[진행률],SMALL(IF((할일표[날짜]=Z$27)*(할일표[업무]<>""),ROW(할일표[날짜])-피벗!$T$11),1))),"")} -> 1
B29: {=IFERROR(IF(COUNTIFS(할일표[날짜],B$27,할일표[업무],"<>")<2,"",INDEX(구분표[아이콘],MATCH(INDEX(할일표[구분],SMALL(IF((할일표[날짜]=B$27)*(할일표[업무]<>""),ROW(할일표[구분])-ROW(INDEX(할일표[구분],1))+1),2)),구분표[구분],0))),"")} | C29: {=IFERROR(IF(COUNTIFS(할일표[날짜],B$27,할일표[업무],"<>")<2,"",INDEX(할일표[표시],SMALL(IF((할일표[날짜]=B$27)*(할일표[업무]<>""),ROW(할일표[표시])-ROW(INDEX(할일표[표시],1))+1),2))),"")} | D29: {=IFERROR(IF(COUNTIFS(할일표[날짜],B$27,할일표[업무],"<>")<2,"",INDEX(할일표[업무],SMALL(IF((할일표[날짜]=B$27)*(할일표[업무]<>""),ROW(할일표[날짜])-피벗!$T$11),2))),"")} | E29: {=IFERROR(IF(COUNTIFS(할일표[날짜],B$27,할일표[업무],"<>")<2,"",INDEX(할일표[진행률],SMALL(IF((할일표[날짜]=B$27)*(할일표[업무]<>""),ROW(할일표[날짜])-피벗!$T$11),2))),"")} | F29: {=IFERROR(IF(COUNTIFS(할일표[날짜],F$27,할일표[업무],"<>")<2,"",INDEX(구분표[아이콘],MATCH(INDEX(할일표[구분],SMALL(IF((할일표[날짜]=F$27)*(할일표[업무]<>""),ROW(할일표[구분])-ROW(INDEX(할일표[구분],1))+1),2)),구분표[구분],0))),"")} | G29: {=IFERROR(IF(COUNTIFS(할일표[날짜],F$27,할일표[업무],"<>")<2,"",INDEX(할일표[표시],SMALL(IF((할일표[날짜]=F$27)*(할일표[업무]<>""),ROW(할일표[표시])-ROW(INDEX(할일표[표시],1))+1),2))),"")} | H29: {=IFERROR(IF(COUNTIFS(할일표[날짜],F$27,할일표[업무],"<>")<2,"",INDEX(할일표[업무],SMALL(IF((할일표[날짜]=F$27)*(할일표[업무]<>""),ROW(할일표[날짜])-피벗!$T$11),2))),"")} | I29: {=IFERROR(IF(COUNTIFS(할일표[날짜],F$27,할일표[업무],"<>")<2,"",INDEX(할일표[진행률],SMALL(IF((할일표[날짜]=F$27)*(할일표[업무]<>""),ROW(할일표[날짜])-피벗!$T$11),2))),"")} | J29: {=IFERROR(IF(COUNTIFS(할일표[날짜],J$27,할일표[업무],"<>")<2,"",INDEX(구분표[아이콘],MATCH(INDEX(할일표[구분],SMALL(IF((할일표[날짜]=J$27)*(할일표[업무]<>""),ROW(할일표[구분])-ROW(INDEX(할일표[구분],1))+1),2)),구분표[구분],0))),"")} | K29: {=IFERROR(IF(COUNTIFS(할일표[날짜],J$27,할일표[업무],"<>")<2,"",INDEX(할일표[표시],SMALL(IF((할일표[날짜]=J$27)*(할일표[업무]<>""),ROW(할일표[표시])-ROW(INDEX(할일표[표시],1))+1),2))),"")} | L29: {=IFERROR(IF(COUNTIFS(할일표[날짜],J$27,할일표[업무],"<>")<2,"",INDEX(할일표[업무],SMALL(IF((할일표[날짜]=J$27)*(할일표[업무]<>""),ROW(할일표[날짜])-피벗!$T$11),2))),"")} | M29: {=IFERROR(IF(COUNTIFS(할일표[날짜],J$27,할일표[업무],"<>")<2,"",INDEX(할일표[진행률],SMALL(IF((할일표[날짜]=J$27)*(할일표[업무]<>""),ROW(할일표[날짜])-피벗!$T$11),2))),"")} | N29: {=IFERROR(IF(COUNTIFS(할일표[날짜],N$27,할일표[업무],"<>")<2,"",INDEX(구분표[아이콘],MATCH(INDEX(할일표[구분],SMALL(IF((할일표[날짜]=N$27)*(할일표[업무]<>""),ROW(할일표[구분])-ROW(INDEX(할일표[구분],1))+1),2)),구분표[구분],0))),"")} -> 0 | O29: {=IFERROR(IF(COUNTIFS(할일표[날짜],N$27,할일표[업무],"<>")<2,"",INDEX(할일표[표시],SMALL(IF((할일표[날짜]=N$27)*(할일표[업무]<>""),ROW(할일표[표시])-ROW(INDEX(할일표[표시],1))+1),2))),"")} -> 2 | P29: {=IFERROR(IF(COUNTIFS(할일표[날짜],N$27,할일표[업무],"<>")<2,"",INDEX(할일표[업무],SMALL(IF((할일표[날짜]=N$27)*(할일표[업무]<>""),ROW(할일표[날짜])-피벗!$T$11),2))),"")} -> 블로그 초안 작성 | Q29: {=IFERROR(IF(COUNTIFS(할일표[날짜],N$27,할일표[업무],"<>")<2,"",INDEX(할일표[진행률],SMALL(IF((할일표[날짜]=N$27)*(할일표[업무]<>""),ROW(할일표[날짜])-피벗!$T$11),2))),"")} -> 0.9 | R29: {=IFERROR(IF(COUNTIFS(할일표[날짜],R$27,할일표[업무],"<>")<2,"",INDEX(구분표[아이콘],MATCH(INDEX(할일표[구분],SMALL(IF((할일표[날짜]=R$27)*(할일표[업무]<>""),ROW(할일표[구분])-ROW(INDEX(할일표[구분],1))+1),2)),구분표[구분],0))),"")} | S29: {=IFERROR(IF(COUNTIFS(할일표[날짜],R$27,할일표[업무],"<>")<2,"",INDEX(할일표[표시],SMALL(IF((할일표[날짜]=R$27)*(할일표[업무]<>""),ROW(할일표[표시])-ROW(INDEX(할일표[표시],1))+1),2))),"")} | T29: {=IFERROR(IF(COUNTIFS(할일표[날짜],R$27,할일표[업무],"<>")<2,"",INDEX(할일표[업무],SMALL(IF((할일표[날짜]=R$27)*(할일표[업무]<>""),ROW(할일표[날짜])-피벗!$T$11),2))),"")} | U29: {=IFERROR(IF(COUNTIFS(할일표[날짜],R$27,할일표[업무],"<>")<2,"",INDEX(할일표[진행률],SMALL(IF((할일표[날짜]=R$27)*(할일표[업무]<>""),ROW(할일표[날짜])-피벗!$T$11),2))),"")} | V29: {=IFERROR(IF(COUNTIFS(할일표[날짜],V$27,할일표[업무],"<>")<2,"",INDEX(구분표[아이콘],MATCH(INDEX(할일표[구분],SMALL(IF((할일표[날짜]=V$27)*(할일표[업무]<>""),ROW(할일표[구분])-ROW(INDEX(할일표[구분],1))+1),2)),구분표[구분],0))),"")} | W29: {=IFERROR(IF(COUNTIFS(할일표[날짜],V$27,할일표[업무],"<>")<2,"",INDEX(할일표[표시],SMALL(IF((할일표[날짜]=V$27)*(할일표[업무]<>""),ROW(할일표[표시])-ROW(INDEX(할일표[표시],1))+1),2))),"")} | X29: {=IFERROR(IF(COUNTIFS(할일표[날짜],V$27,할일표[업무],"<>")<2,"",INDEX(할일표[업무],SMALL(IF((할일표[날짜]=V$27)*(할일표[업무]<>""),ROW(할일표[날짜])-피벗!$T$11),2))),"")} | Y29: {=IFERROR(IF(COUNTIFS(할일표[날짜],V$27,할일표[업무],"<>")<2,"",INDEX(할일표[진행률],SMALL(IF((할일표[날짜]=V$27)*(할일표[업무]<>""),ROW(할일표[날짜])-피벗!$T$11),2))),"")} | Z29: {=IFERROR(IF(COUNTIFS(할일표[날짜],Z$27,할일표[업무],"<>")<2,"",INDEX(구분표[아이콘],MATCH(INDEX(할일표[구분],SMALL(IF((할일표[날짜]=Z$27)*(할일표[업무]<>""),ROW(할일표[구분])-ROW(INDEX(할일표[구분],1))+1),2)),구분표[구분],0))),"")} | AA29: {=IFERROR(IF(COUNTIFS(할일표[날짜],Z$27,할일표[업무],"<>")<2,"",INDEX(할일표[표시],SMALL(IF((할일표[날짜]=Z$27)*(할일표[업무]<>""),ROW(할일표[표시])-ROW(INDEX(할일표[표시],1))+1),2))),"")} | AB29: {=IFERROR(IF(COUNTIFS(할일표[날짜],Z$27,할일표[업무],"<>")<2,"",INDEX(할일표[업무],SMALL(IF((할일표[날짜]=Z$27)*(할일표[업무]<>""),ROW(할일표[날짜])-피벗!$T$11),2))),"")} | AC29: {=IFERROR(IF(COUNTIFS(할일표[날짜],Z$27,할일표[업무],"<>")<2,"",INDEX(할일표[진행률],SMALL(IF((할일표[날짜]=Z$27)*(할일표[업무]<>""),ROW(할일표[날짜])-피벗!$T$11),2))),"")}
B30: {=IFERROR(IF(COUNTIFS(할일표[날짜],B$27,할일표[업무],"<>")<3,"",INDEX(구분표[아이콘],MATCH(INDEX(할일표[구분],SMALL(IF((할일표[날짜]=B$27)*(할일표[업무]<>""),ROW(할일표[구분])-ROW(INDEX(할일표[구분],1))+1),3)),구분표[구분],0))),"")} | C30: {=IFERROR(IF(COUNTIFS(할일표[날짜],B$27,할일표[업무],"<>")<3,"",INDEX(할일표[표시],SMALL(IF((할일표[날짜]=B$27)*(할일표[업무]<>""),ROW(할일표[표시])-ROW(INDEX(할일표[표시],1))+1),3))),"")} | D30: {=IFERROR(IF(COUNTIFS(할일표[날짜],B$27,할일표[업무],"<>")<3,"",INDEX(할일표[업무],SMALL(IF((할일표[날짜]=B$27)*(할일표[업무]<>""),ROW(할일표[날짜])-피벗!$T$11),3))),"")} | E30: {=IFERROR(IF(COUNTIFS(할일표[날짜],B$27,할일표[업무],"<>")<3,"",INDEX(할일표[진행률],SMALL(IF((할일표[날짜]=B$27)*(할일표[업무]<>""),ROW(할일표[날짜])-피벗!$T$11),3))),"")} | F30: {=IFERROR(IF(COUNTIFS(할일표[날짜],F$27,할일표[업무],"<>")<3,"",INDEX(구분표[아이콘],MATCH(INDEX(할일표[구분],SMALL(IF((할일표[날짜]=F$27)*(할일표[업무]<>""),ROW(할일표[구분])-ROW(INDEX(할일표[구분],1))+1),3)),구분표[구분],0))),"")} | G30: {=IFERROR(IF(COUNTIFS(할일표[날짜],F$27,할일표[업무],"<>")<3,"",INDEX(할일표[표시],SMALL(IF((할일표[날짜]=F$27)*(할일표[업무]<>""),ROW(할일표[표시])-ROW(INDEX(할일표[표시],1))+1),3))),"")} | H30: {=IFERROR(IF(COUNTIFS(할일표[날짜],F$27,할일표[업무],"<>")<3,"",INDEX(할일표[업무],SMALL(IF((할일표[날짜]=F$27)*(할일표[업무]<>""),ROW(할일표[날짜])-피벗!$T$11),3))),"")} | I30: {=IFERROR(IF(COUNTIFS(할일표[날짜],F$27,할일표[업무],"<>")<3,"",INDEX(할일표[진행률],SMALL(IF((할일표[날짜]=F$27)*(할일표[업무]<>""),ROW(할일표[날짜])-피벗!$T$11),3))),"")} | J30: {=IFERROR(IF(COUNTIFS(할일표[날짜],J$27,할일표[업무],"<>")<3,"",INDEX(구분표[아이콘],MATCH(INDEX(할일표[구분],SMALL(IF((할일표[날짜]=J$27)*(할일표[업무]<>""),ROW(할일표[구분])-ROW(INDEX(할일표[구분],1))+1),3)),구분표[구분],0))),"")} | K30: {=IFERROR(IF(COUNTIFS(할일표[날짜],J$27,할일표[업무],"<>")<3,"",INDEX(할일표[표시],SMALL(IF((할일표[날짜]=J$27)*(할일표[업무]<>""),ROW(할일표[표시])-ROW(INDEX(할일표[표시],1))+1),3))),"")} | L30: {=IFERROR(IF(COUNTIFS(할일표[날짜],J$27,할일표[업무],"<>")<3,"",INDEX(할일표[업무],SMALL(IF((할일표[날짜]=J$27)*(할일표[업무]<>""),ROW(할일표[날짜])-피벗!$T$11),3))),"")} | M30: {=IFERROR(IF(COUNTIFS(할일표[날짜],J$27,할일표[업무],"<>")<3,"",INDEX(할일표[진행률],SMALL(IF((할일표[날짜]=J$27)*(할일표[업무]<>""),ROW(할일표[날짜])-피벗!$T$11),3))),"")} | N30: {=IFERROR(IF(COUNTIFS(할일표[날짜],N$27,할일표[업무],"<>")<3,"",INDEX(구분표[아이콘],MATCH(INDEX(할일표[구분],SMALL(IF((할일표[날짜]=N$27)*(할일표[업무]<>""),ROW(할일표[구분])-ROW(INDEX(할일표[구분],1))+1),3)),구분표[구분],0))),"")} | O30: {=IFERROR(IF(COUNTIFS(할일표[날짜],N$27,할일표[업무],"<>")<3,"",INDEX(할일표[표시],SMALL(IF((할일표[날짜]=N$27)*(할일표[업무]<>""),ROW(할일표[표시])-ROW(INDEX(할일표[표시],1))+1),3))),"")} | P30: {=IFERROR(IF(COUNTIFS(할일표[날짜],N$27,할일표[업무],"<>")<3,"",INDEX(할일표[업무],SMALL(IF((할일표[날짜]=N$27)*(할일표[업무]<>""),ROW(할일표[날짜])-피벗!$T$11),3))),"")} | Q30: {=IFERROR(IF(COUNTIFS(할일표[날짜],N$27,할일표[업무],"<>")<3,"",INDEX(할일표[진행률],SMALL(IF((할일표[날짜]=N$27)*(할일표[업무]<>""),ROW(할일표[날짜])-피벗!$T$11),3))),"")} | R30: {=IFERROR(IF(COUNTIFS(할일표[날짜],R$27,할일표[업무],"<>")<3,"",INDEX(구분표[아이콘],MATCH(INDEX(할일표[구분],SMALL(IF((할일표[날짜]=R$27)*(할일표[업무]<>""),ROW(할일표[구분])-ROW(INDEX(할일표[구분],1))+1),3)),구분표[구분],0))),"")} | S30: {=IFERROR(IF(COUNTIFS(할일표[날짜],R$27,할일표[업무],"<>")<3,"",INDEX(할일표[표시],SMALL(IF((할일표[날짜]=R$27)*(할일표[업무]<>""),ROW(할일표[표시])-ROW(INDEX(할일표[표시],1))+1),3))),"")} | T30: {=IFERROR(IF(COUNTIFS(할일표[날짜],R$27,할일표[업무],"<>")<3,"",INDEX(할일표[업무],SMALL(IF((할일표[날짜]=R$27)*(할일표[업무]<>""),ROW(할일표[날짜])-피벗!$T$11),3))),"")} | U30: {=IFERROR(IF(COUNTIFS(할일표[날짜],R$27,할일표[업무],"<>")<3,"",INDEX(할일표[진행률],SMALL(IF((할일표[날짜]=R$27)*(할일표[업무]<>""),ROW(할일표[날짜])-피벗!$T$11),3))),"")} | V30: {=IFERROR(IF(COUNTIFS(할일표[날짜],V$27,할일표[업무],"<>")<3,"",INDEX(구분표[아이콘],MATCH(INDEX(할일표[구분],SMALL(IF((할일표[날짜]=V$27)*(할일표[업무]<>""),ROW(할일표[구분])-ROW(INDEX(할일표[구분],1))+1),3)),구분표[구분],0))),"")} | W30: {=IFERROR(IF(COUNTIFS(할일표[날짜],V$27,할일표[업무],"<>")<3,"",INDEX(할일표[표시],SMALL(IF((할일표[날짜]=V$27)*(할일표[업무]<>""),ROW(할일표[표시])-ROW(INDEX(할일표[표시],1))+1),3))),"")} | X30: {=IFERROR(IF(COUNTIFS(할일표[날짜],V$27,할일표[업무],"<>")<3,"",INDEX(할일표[업무],SMALL(IF((할일표[날짜]=V$27)*(할일표[업무]<>""),ROW(할일표[날짜])-피벗!$T$11),3))),"")} | Y30: {=IFERROR(IF(COUNTIFS(할일표[날짜],V$27,할일표[업무],"<>")<3,"",INDEX(할일표[진행률],SMALL(IF((할일표[날짜]=V$27)*(할일표[업무]<>""),ROW(할일표[날짜])-피벗!$T$11),3))),"")} | Z30: {=IFERROR(IF(COUNTIFS(할일표[날짜],Z$27,할일표[업무],"<>")<3,"",INDEX(구분표[아이콘],MATCH(INDEX(할일표[구분],SMALL(IF((할일표[날짜]=Z$27)*(할일표[업무]<>""),ROW(할일표[구분])-ROW(INDEX(할일표[구분],1))+1),3)),구분표[구분],0))),"")} | AA30: {=IFERROR(IF(COUNTIFS(할일표[날짜],Z$27,할일표[업무],"<>")<3,"",INDEX(할일표[표시],SMALL(IF((할일표[날짜]=Z$27)*(할일표[업무]<>""),ROW(할일표[표시])-ROW(INDEX(할일표[표시],1))+1),3))),"")} | AB30: {=IFERROR(IF(COUNTIFS(할일표[날짜],Z$27,할일표[업무],"<>")<3,"",INDEX(할일표[업무],SMALL(IF((할일표[날짜]=Z$27)*(할일표[업무]<>""),ROW(할일표[날짜])-피벗!$T$11),3))),"")} | AC30: {=IFERROR(IF(COUNTIFS(할일표[날짜],Z$27,할일표[업무],"<>")<3,"",INDEX(할일표[진행률],SMALL(IF((할일표[날짜]=Z$27)*(할일표[업무]<>""),ROW(할일표[날짜])-피벗!$T$11),3))),"")}
B31: {=IFERROR(IF(COUNTIFS(할일표[날짜],B$27,할일표[업무],"<>")<4,"",INDEX(구분표[아이콘],MATCH(INDEX(할일표[구분],SMALL(IF((할일표[날짜]=B$27)*(할일표[업무]<>""),ROW(할일표[구분])-ROW(INDEX(할일표[구분],1))+1),4)),구분표[구분],0))),"")} | C31: {=IFERROR(IF(COUNTIFS(할일표[날짜],B$27,할일표[업무],"<>")<4,"",INDEX(할일표[표시],SMALL(IF((할일표[날짜]=B$27)*(할일표[업무]<>""),ROW(할일표[표시])-ROW(INDEX(할일표[표시],1))+1),4))),"")} | D31: {=IFERROR(IF(COUNTIFS(할일표[날짜],B$27,할일표[업무],"<>")<4,"",INDEX(할일표[업무],SMALL(IF((할일표[날짜]=B$27)*(할일표[업무]<>""),ROW(할일표[날짜])-피벗!$T$11),4))),"")} | E31: {=IFERROR(IF(COUNTIFS(할일표[날짜],B$27,할일표[업무],"<>")<4,"",INDEX(할일표[진행률],SMALL(IF((할일표[날짜]=B$27)*(할일표[업무]<>""),ROW(할일표[날짜])-피벗!$T$11),4))),"")} | F31: {=IFERROR(IF(COUNTIFS(할일표[날짜],F$27,할일표[업무],"<>")<4,"",INDEX(구분표[아이콘],MATCH(INDEX(할일표[구분],SMALL(IF((할일표[날짜]=F$27)*(할일표[업무]<>""),ROW(할일표[구분])-ROW(INDEX(할일표[구분],1))+1),4)),구분표[구분],0))),"")} | G31: {=IFERROR(IF(COUNTIFS(할일표[날짜],F$27,할일표[업무],"<>")<4,"",INDEX(할일표[표시],SMALL(IF((할일표[날짜]=F$27)*(할일표[업무]<>""),ROW(할일표[표시])-ROW(INDEX(할일표[표시],1))+1),4))),"")} | H31: {=IFERROR(IF(COUNTIFS(할일표[날짜],F$27,할일표[업무],"<>")<4,"",INDEX(할일표[업무],SMALL(IF((할일표[날짜]=F$27)*(할일표[업무]<>""),ROW(할일표[날짜])-피벗!$T$11),4))),"")} | I31: {=IFERROR(IF(COUNTIFS(할일표[날짜],F$27,할일표[업무],"<>")<4,"",INDEX(할일표[진행률],SMALL(IF((할일표[날짜]=F$27)*(할일표[업무]<>""),ROW(할일표[날짜])-피벗!$T$11),4))),"")} | J31: {=IFERROR(IF(COUNTIFS(할일표[날짜],J$27,할일표[업무],"<>")<4,"",INDEX(구분표[아이콘],MATCH(INDEX(할일표[구분],SMALL(IF((할일표[날짜]=J$27)*(할일표[업무]<>""),ROW(할일표[구분])-ROW(INDEX(할일표[구분],1))+1),4)),구분표[구분],0))),"")} | K31: {=IFERROR(IF(COUNTIFS(할일표[날짜],J$27,할일표[업무],"<>")<4,"",INDEX(할일표[표시],SMALL(IF((할일표[날짜]=J$27)*(할일표[업무]<>""),ROW(할일표[표시])-ROW(INDEX(할일표[표시],1))+1),4))),"")} | L31: {=IFERROR(IF(COUNTIFS(할일표[날짜],J$27,할일표[업무],"<>")<4,"",INDEX(할일표[업무],SMALL(IF((할일표[날짜]=J$27)*(할일표[업무]<>""),ROW(할일표[날짜])-피벗!$T$11),4))),"")} | M31: {=IFERROR(IF(COUNTIFS(할일표[날짜],J$27,할일표[업무],"<>")<4,"",INDEX(할일표[진행률],SMALL(IF((할일표[날짜]=J$27)*(할일표[업무]<>""),ROW(할일표[날짜])-피벗!$T$11),4))),"")} | N31: {=IFERROR(IF(COUNTIFS(할일표[날짜],N$27,할일표[업무],"<>")<4,"",INDEX(구분표[아이콘],MATCH(INDEX(할일표[구분],SMALL(IF((할일표[날짜]=N$27)*(할일표[업무]<>""),ROW(할일표[구분])-ROW(INDEX(할일표[구분],1))+1),4)),구분표[구분],0))),"")} | O31: {=IFERROR(IF(COUNTIFS(할일표[날짜],N$27,할일표[업무],"<>")<4,"",INDEX(할일표[표시],SMALL(IF((할일표[날짜]=N$27)*(할일표[업무]<>""),ROW(할일표[표시])-ROW(INDEX(할일표[표시],1))+1),4))),"")} | P31: {=IFERROR(IF(COUNTIFS(할일표[날짜],N$27,할일표[업무],"<>")<4,"",INDEX(할일표[업무],SMALL(IF((할일표[날짜]=N$27)*(할일표[업무]<>""),ROW(할일표[날짜])-피벗!$T$11),4))),"")} | Q31: {=IFERROR(IF(COUNTIFS(할일표[날짜],N$27,할일표[업무],"<>")<4,"",INDEX(할일표[진행률],SMALL(IF((할일표[날짜]=N$27)*(할일표[업무]<>""),ROW(할일표[날짜])-피벗!$T$11),4))),"")} | R31: {=IFERROR(IF(COUNTIFS(할일표[날짜],R$27,할일표[업무],"<>")<4,"",INDEX(구분표[아이콘],MATCH(INDEX(할일표[구분],SMALL(IF((할일표[날짜]=R$27)*(할일표[업무]<>""),ROW(할일표[구분])-ROW(INDEX(할일표[구분],1))+1),4)),구분표[구분],0))),"")} | S31: {=IFERROR(IF(COUNTIFS(할일표[날짜],R$27,할일표[업무],"<>")<4,"",INDEX(할일표[표시],SMALL(IF((할일표[날짜]=R$27)*(할일표[업무]<>""),ROW(할일표[표시])-ROW(INDEX(할일표[표시],1))+1),4))),"")} | T31: {=IFERROR(IF(COUNTIFS(할일표[날짜],R$27,할일표[업무],"<>")<4,"",INDEX(할일표[업무],SMALL(IF((할일표[날짜]=R$27)*(할일표[업무]<>""),ROW(할일표[날짜])-피벗!$T$11),4))),"")} | U31: {=IFERROR(IF(COUNTIFS(할일표[날짜],R$27,할일표[업무],"<>")<4,"",INDEX(할일표[진행률],SMALL(IF((할일표[날짜]=R$27)*(할일표[업무]<>""),ROW(할일표[날짜])-피벗!$T$11),4))),"")} | V31: {=IFERROR(IF(COUNTIFS(할일표[날짜],V$27,할일표[업무],"<>")<4,"",INDEX(구분표[아이콘],MATCH(INDEX(할일표[구분],SMALL(IF((할일표[날짜]=V$27)*(할일표[업무]<>""),ROW(할일표[구분])-ROW(INDEX(할일표[구분],1))+1),4)),구분표[구분],0))),"")} | W31: {=IFERROR(IF(COUNTIFS(할일표[날짜],V$27,할일표[업무],"<>")<4,"",INDEX(할일표[표시],SMALL(IF((할일표[날짜]=V$27)*(할일표[업무]<>""),ROW(할일표[표시])-ROW(INDEX(할일표[표시],1))+1),4))),"")} | X31: {=IFERROR(IF(COUNTIFS(할일표[날짜],V$27,할일표[업무],"<>")<4,"",INDEX(할일표[업무],SMALL(IF((할일표[날짜]=V$27)*(할일표[업무]<>""),ROW(할일표[날짜])-피벗!$T$11),4))),"")} | Y31: {=IFERROR(IF(COUNTIFS(할일표[날짜],V$27,할일표[업무],"<>")<4,"",INDEX(할일표[진행률],SMALL(IF((할일표[날짜]=V$27)*(할일표[업무]<>""),ROW(할일표[날짜])-피벗!$T$11),4))),"")} | Z31: {=IFERROR(IF(COUNTIFS(할일표[날짜],Z$27,할일표[업무],"<>")<4,"",INDEX(구분표[아이콘],MATCH(INDEX(할일표[구분],SMALL(IF((할일표[날짜]=Z$27)*(할일표[업무]<>""),ROW(할일표[구분])-ROW(INDEX(할일표[구분],1))+1),4)),구분표[구분],0))),"")} | AA31: {=IFERROR(IF(COUNTIFS(할일표[날짜],Z$27,할일표[업무],"<>")<4,"",INDEX(할일표[표시],SMALL(IF((할일표[날짜]=Z$27)*(할일표[업무]<>""),ROW(할일표[표시])-ROW(INDEX(할일표[표시],1))+1),4))),"")} | AB31: {=IFERROR(IF(COUNTIFS(할일표[날짜],Z$27,할일표[업무],"<>")<4,"",INDEX(할일표[업무],SMALL(IF((할일표[날짜]=Z$27)*(할일표[업무]<>""),ROW(할일표[날짜])-피벗!$T$11),4))),"")} | AC31: {=IFERROR(IF(COUNTIFS(할일표[날짜],Z$27,할일표[업무],"<>")<4,"",INDEX(할일표[진행률],SMALL(IF((할일표[날짜]=Z$27)*(할일표[업무]<>""),ROW(할일표[날짜])-피벗!$T$11),4))),"")}
B32: {=IFERROR(IF(COUNTIFS(할일표[날짜],B$27,할일표[업무],"<>")<5,"",INDEX(구분표[아이콘],MATCH(INDEX(할일표[구분],SMALL(IF((할일표[날짜]=B$27)*(할일표[업무]<>""),ROW(할일표[구분])-ROW(INDEX(할일표[구분],1))+1),5)),구분표[구분],0))),"")} | C32: {=IFERROR(IF(COUNTIFS(할일표[날짜],B$27,할일표[업무],"<>")<5,"",INDEX(할일표[표시],SMALL(IF((할일표[날짜]=B$27)*(할일표[업무]<>""),ROW(할일표[표시])-ROW(INDEX(할일표[표시],1))+1),5))),"")} | D32: {=IFERROR(IF(COUNTIFS(할일표[날짜],B$27,할일표[업무],"<>")<5,"",INDEX(할일표[업무],SMALL(IF((할일표[날짜]=B$27)*(할일표[업무]<>""),ROW(할일표[날짜])-피벗!$T$11),5))),"")} | E32: {=IFERROR(IF(COUNTIFS(할일표[날짜],B$27,할일표[업무],"<>")<5,"",INDEX(할일표[진행률],SMALL(IF((할일표[날짜]=B$27)*(할일표[업무]<>""),ROW(할일표[날짜])-피벗!$T$11),5))),"")} | F32: {=IFERROR(IF(COUNTIFS(할일표[날짜],F$27,할일표[업무],"<>")<5,"",INDEX(구분표[아이콘],MATCH(INDEX(할일표[구분],SMALL(IF((할일표[날짜]=F$27)*(할일표[업무]<>""),ROW(할일표[구분])-ROW(INDEX(할일표[구분],1))+1),5)),구분표[구분],0))),"")} | G32: {=IFERROR(IF(COUNTIFS(할일표[날짜],F$27,할일표[업무],"<>")<5,"",INDEX(할일표[표시],SMALL(IF((할일표[날짜]=F$27)*(할일표[업무]<>""),ROW(할일표[표시])-ROW(INDEX(할일표[표시],1))+1),5))),"")} | H32: {=IFERROR(IF(COUNTIFS(할일표[날짜],F$27,할일표[업무],"<>")<5,"",INDEX(할일표[업무],SMALL(IF((할일표[날짜]=F$27)*(할일표[업무]<>""),ROW(할일표[날짜])-피벗!$T$11),5))),"")} | I32: {=IFERROR(IF(COUNTIFS(할일표[날짜],F$27,할일표[업무],"<>")<5,"",INDEX(할일표[진행률],SMALL(IF((할일표[날짜]=F$27)*(할일표[업무]<>""),ROW(할일표[날짜])-피벗!$T$11),5))),"")} | J32: {=IFERROR(IF(COUNTIFS(할일표[날짜],J$27,할일표[업무],"<>")<5,"",INDEX(구분표[아이콘],MATCH(INDEX(할일표[구분],SMALL(IF((할일표[날짜]=J$27)*(할일표[업무]<>""),ROW(할일표[구분])-ROW(INDEX(할일표[구분],1))+1),5)),구분표[구분],0))),"")} | K32: {=IFERROR(IF(COUNTIFS(할일표[날짜],J$27,할일표[업무],"<>")<5,"",INDEX(할일표[표시],SMALL(IF((할일표[날짜]=J$27)*(할일표[업무]<>""),ROW(할일표[표시])-ROW(INDEX(할일표[표시],1))+1),5))),"")} | L32: {=IFERROR(IF(COUNTIFS(할일표[날짜],J$27,할일표[업무],"<>")<5,"",INDEX(할일표[업무],SMALL(IF((할일표[날짜]=J$27)*(할일표[업무]<>""),ROW(할일표[날짜])-피벗!$T$11),5))),"")} | M32: {=IFERROR(IF(COUNTIFS(할일표[날짜],J$27,할일표[업무],"<>")<5,"",INDEX(할일표[진행률],SMALL(IF((할일표[날짜]=J$27)*(할일표[업무]<>""),ROW(할일표[날짜])-피벗!$T$11),5))),"")} | N32: {=IFERROR(IF(COUNTIFS(할일표[날짜],N$27,할일표[업무],"<>")<5,"",INDEX(구분표[아이콘],MATCH(INDEX(할일표[구분],SMALL(IF((할일표[날짜]=N$27)*(할일표[업무]<>""),ROW(할일표[구분])-ROW(INDEX(할일표[구분],1))+1),5)),구분표[구분],0))),"")} | O32: {=IFERROR(IF(COUNTIFS(할일표[날짜],N$27,할일표[업무],"<>")<5,"",INDEX(할일표[표시],SMALL(IF((할일표[날짜]=N$27)*(할일표[업무]<>""),ROW(할일표[표시])-ROW(INDEX(할일표[표시],1))+1),5))),"")} | P32: {=IFERROR(IF(COUNTIFS(할일표[날짜],N$27,할일표[업무],"<>")<5,"",INDEX(할일표[업무],SMALL(IF((할일표[날짜]=N$27)*(할일표[업무]<>""),ROW(할일표[날짜])-피벗!$T$11),5))),"")} | Q32: {=IFERROR(IF(COUNTIFS(할일표[날짜],N$27,할일표[업무],"<>")<5,"",INDEX(할일표[진행률],SMALL(IF((할일표[날짜]=N$27)*(할일표[업무]<>""),ROW(할일표[날짜])-피벗!$T$11),5))),"")} | R32: {=IFERROR(IF(COUNTIFS(할일표[날짜],R$27,할일표[업무],"<>")<5,"",INDEX(구분표[아이콘],MATCH(INDEX(할일표[구분],SMALL(IF((할일표[날짜]=R$27)*(할일표[업무]<>""),ROW(할일표[구분])-ROW(INDEX(할일표[구분],1))+1),5)),구분표[구분],0))),"")} | S32: {=IFERROR(IF(COUNTIFS(할일표[날짜],R$27,할일표[업무],"<>")<5,"",INDEX(할일표[표시],SMALL(IF((할일표[날짜]=R$27)*(할일표[업무]<>""),ROW(할일표[표시])-ROW(INDEX(할일표[표시],1))+1),5))),"")} | T32: {=IFERROR(IF(COUNTIFS(할일표[날짜],R$27,할일표[업무],"<>")<5,"",INDEX(할일표[업무],SMALL(IF((할일표[날짜]=R$27)*(할일표[업무]<>""),ROW(할일표[날짜])-피벗!$T$11),5))),"")} | U32: {=IFERROR(IF(COUNTIFS(할일표[날짜],R$27,할일표[업무],"<>")<5,"",INDEX(할일표[진행률],SMALL(IF((할일표[날짜]=R$27)*(할일표[업무]<>""),ROW(할일표[날짜])-피벗!$T$11),5))),"")} | V32: {=IFERROR(IF(COUNTIFS(할일표[날짜],V$27,할일표[업무],"<>")<5,"",INDEX(구분표[아이콘],MATCH(INDEX(할일표[구분],SMALL(IF((할일표[날짜]=V$27)*(할일표[업무]<>""),ROW(할일표[구분])-ROW(INDEX(할일표[구분],1))+1),5)),구분표[구분],0))),"")} | W32: {=IFERROR(IF(COUNTIFS(할일표[날짜],V$27,할일표[업무],"<>")<5,"",INDEX(할일표[표시],SMALL(IF((할일표[날짜]=V$27)*(할일표[업무]<>""),ROW(할일표[표시])-ROW(INDEX(할일표[표시],1))+1),5))),"")} | X32: {=IFERROR(IF(COUNTIFS(할일표[날짜],V$27,할일표[업무],"<>")<5,"",INDEX(할일표[업무],SMALL(IF((할일표[날짜]=V$27)*(할일표[업무]<>""),ROW(할일표[날짜])-피벗!$T$11),5))),"")} | Y32: {=IFERROR(IF(COUNTIFS(할일표[날짜],V$27,할일표[업무],"<>")<5,"",INDEX(할일표[진행률],SMALL(IF((할일표[날짜]=V$27)*(할일표[업무]<>""),ROW(할일표[날짜])-피벗!$T$11),5))),"")} | Z32: {=IFERROR(IF(COUNTIFS(할일표[날짜],Z$27,할일표[업무],"<>")<5,"",INDEX(구분표[아이콘],MATCH(INDEX(할일표[구분],SMALL(IF((할일표[날짜]=Z$27)*(할일표[업무]<>""),ROW(할일표[구분])-ROW(INDEX(할일표[구분],1))+1),5)),구분표[구분],0))),"")} | AA32: {=IFERROR(IF(COUNTIFS(할일표[날짜],Z$27,할일표[업무],"<>")<5,"",INDEX(할일표[표시],SMALL(IF((할일표[날짜]=Z$27)*(할일표[업무]<>""),ROW(할일표[표시])-ROW(INDEX(할일표[표시],1))+1),5))),"")} | AB32: {=IFERROR(IF(COUNTIFS(할일표[날짜],Z$27,할일표[업무],"<>")<5,"",INDEX(할일표[업무],SMALL(IF((할일표[날짜]=Z$27)*(할일표[업무]<>""),ROW(할일표[날짜])-피벗!$T$11),5))),"")} | AC32: {=IFERROR(IF(COUNTIFS(할일표[날짜],Z$27,할일표[업무],"<>")<5,"",INDEX(할일표[진행률],SMALL(IF((할일표[날짜]=Z$27)*(할일표[업무]<>""),ROW(할일표[날짜])-피벗!$T$11),5))),"")}
B33: {=IFERROR(IF(COUNTIFS(할일표[날짜],B$27,할일표[업무],"<>")<6,"",INDEX(구분표[아이콘],MATCH(INDEX(할일표[구분],SMALL(IF((할일표[날짜]=B$27)*(할일표[업무]<>""),ROW(할일표[구분])-ROW(INDEX(할일표[구분],1))+1),6)),구분표[구분],0))),"")} | C33: {=IFERROR(IF(COUNTIFS(할일표[날짜],B$27,할일표[업무],"<>")<6,"",INDEX(할일표[표시],SMALL(IF((할일표[날짜]=B$27)*(할일표[업무]<>""),ROW(할일표[표시])-ROW(INDEX(할일표[표시],1))+1),6))),"")} | D33: {=IFERROR(IF(COUNTIFS(할일표[날짜],B$27,할일표[업무],"<>")<6,"",INDEX(할일표[업무],SMALL(IF((할일표[날짜]=B$27)*(할일표[업무]<>""),ROW(할일표[날짜])-피벗!$T$11),6))),"")} | E33: {=IFERROR(IF(COUNTIFS(할일표[날짜],B$27,할일표[업무],"<>")<6,"",INDEX(할일표[진행률],SMALL(IF((할일표[날짜]=B$27)*(할일표[업무]<>""),ROW(할일표[날짜])-피벗!$T$11),6))),"")} | F33: {=IFERROR(IF(COUNTIFS(할일표[날짜],F$27,할일표[업무],"<>")<6,"",INDEX(구분표[아이콘],MATCH(INDEX(할일표[구분],SMALL(IF((할일표[날짜]=F$27)*(할일표[업무]<>""),ROW(할일표[구분])-ROW(INDEX(할일표[구분],1))+1),6)),구분표[구분],0))),"")} | G33: {=IFERROR(IF(COUNTIFS(할일표[날짜],F$27,할일표[업무],"<>")<6,"",INDEX(할일표[표시],SMALL(IF((할일표[날짜]=F$27)*(할일표[업무]<>""),ROW(할일표[표시])-ROW(INDEX(할일표[표시],1))+1),6))),"")} | H33: {=IFERROR(IF(COUNTIFS(할일표[날짜],F$27,할일표[업무],"<>")<6,"",INDEX(할일표[업무],SMALL(IF((할일표[날짜]=F$27)*(할일표[업무]<>""),ROW(할일표[날짜])-피벗!$T$11),6))),"")} | I33: {=IFERROR(IF(COUNTIFS(할일표[날짜],F$27,할일표[업무],"<>")<6,"",INDEX(할일표[진행률],SMALL(IF((할일표[날짜]=F$27)*(할일표[업무]<>""),ROW(할일표[날짜])-피벗!$T$11),6))),"")} | J33: {=IFERROR(IF(COUNTIFS(할일표[날짜],J$27,할일표[업무],"<>")<6,"",INDEX(구분표[아이콘],MATCH(INDEX(할일표[구분],SMALL(IF((할일표[날짜]=J$27)*(할일표[업무]<>""),ROW(할일표[구분])-ROW(INDEX(할일표[구분],1))+1),6)),구분표[구분],0))),"")} | K33: {=IFERROR(IF(COUNTIFS(할일표[날짜],J$27,할일표[업무],"<>")<6,"",INDEX(할일표[표시],SMALL(IF((할일표[날짜]=J$27)*(할일표[업무]<>""),ROW(할일표[표시])-ROW(INDEX(할일표[표시],1))+1),6))),"")} | L33: {=IFERROR(IF(COUNTIFS(할일표[날짜],J$27,할일표[업무],"<>")<6,"",INDEX(할일표[업무],SMALL(IF((할일표[날짜]=J$27)*(할일표[업무]<>""),ROW(할일표[날짜])-피벗!$T$11),6))),"")} | M33: {=IFERROR(IF(COUNTIFS(할일표[날짜],J$27,할일표[업무],"<>")<6,"",INDEX(할일표[진행률],SMALL(IF((할일표[날짜]=J$27)*(할일표[업무]<>""),ROW(할일표[날짜])-피벗!$T$11),6))),"")} | N33: {=IFERROR(IF(COUNTIFS(할일표[날짜],N$27,할일표[업무],"<>")<6,"",INDEX(구분표[아이콘],MATCH(INDEX(할일표[구분],SMALL(IF((할일표[날짜]=N$27)*(할일표[업무]<>""),ROW(할일표[구분])-ROW(INDEX(할일표[구분],1))+1),6)),구분표[구분],0))),"")} | O33: {=IFERROR(IF(COUNTIFS(할일표[날짜],N$27,할일표[업무],"<>")<6,"",INDEX(할일표[표시],SMALL(IF((할일표[날짜]=N$27)*(할일표[업무]<>""),ROW(할일표[표시])-ROW(INDEX(할일표[표시],1))+1),6))),"")} | P33: {=IFERROR(IF(COUNTIFS(할일표[날짜],N$27,할일표[업무],"<>")<6,"",INDEX(할일표[업무],SMALL(IF((할일표[날짜]=N$27)*(할일표[업무]<>""),ROW(할일표[날짜])-피벗!$T$11),6))),"")} | Q33: {=IFERROR(IF(COUNTIFS(할일표[날짜],N$27,할일표[업무],"<>")<6,"",INDEX(할일표[진행률],SMALL(IF((할일표[날짜]=N$27)*(할일표[업무]<>""),ROW(할일표[날짜])-피벗!$T$11),6))),"")} | R33: {=IFERROR(IF(COUNTIFS(할일표[날짜],R$27,할일표[업무],"<>")<6,"",INDEX(구분표[아이콘],MATCH(INDEX(할일표[구분],SMALL(IF((할일표[날짜]=R$27)*(할일표[업무]<>""),ROW(할일표[구분])-ROW(INDEX(할일표[구분],1))+1),6)),구분표[구분],0))),"")} | S33: {=IFERROR(IF(COUNTIFS(할일표[날짜],R$27,할일표[업무],"<>")<6,"",INDEX(할일표[표시],SMALL(IF((할일표[날짜]=R$27)*(할일표[업무]<>""),ROW(할일표[표시])-ROW(INDEX(할일표[표시],1))+1),6))),"")} | T33: {=IFERROR(IF(COUNTIFS(할일표[날짜],R$27,할일표[업무],"<>")<6,"",INDEX(할일표[업무],SMALL(IF((할일표[날짜]=R$27)*(할일표[업무]<>""),ROW(할일표[날짜])-피벗!$T$11),6))),"")} | U33: {=IFERROR(IF(COUNTIFS(할일표[날짜],R$27,할일표[업무],"<>")<6,"",INDEX(할일표[진행률],SMALL(IF((할일표[날짜]=R$27)*(할일표[업무]<>""),ROW(할일표[날짜])-피벗!$T$11),6))),"")} | V33: {=IFERROR(IF(COUNTIFS(할일표[날짜],V$27,할일표[업무],"<>")<6,"",INDEX(구분표[아이콘],MATCH(INDEX(할일표[구분],SMALL(IF((할일표[날짜]=V$27)*(할일표[업무]<>""),ROW(할일표[구분])-ROW(INDEX(할일표[구분],1))+1),6)),구분표[구분],0))),"")} | W33: {=IFERROR(IF(COUNTIFS(할일표[날짜],V$27,할일표[업무],"<>")<6,"",INDEX(할일표[표시],SMALL(IF((할일표[날짜]=V$27)*(할일표[업무]<>""),ROW(할일표[표시])-ROW(INDEX(할일표[표시],1))+1),6))),"")} | X33: {=IFERROR(IF(COUNTIFS(할일표[날짜],V$27,할일표[업무],"<>")<6,"",INDEX(할일표[업무],SMALL(IF((할일표[날짜]=V$27)*(할일표[업무]<>""),ROW(할일표[날짜])-피벗!$T$11),6))),"")} | Y33: {=IFERROR(IF(COUNTIFS(할일표[날짜],V$27,할일표[업무],"<>")<6,"",INDEX(할일표[진행률],SMALL(IF((할일표[날짜]=V$27)*(할일표[업무]<>""),ROW(할일표[날짜])-피벗!$T$11),6))),"")} | Z33: {=IFERROR(IF(COUNTIFS(할일표[날짜],Z$27,할일표[업무],"<>")<6,"",INDEX(구분표[아이콘],MATCH(INDEX(할일표[구분],SMALL(IF((할일표[날짜]=Z$27)*(할일표[업무]<>""),ROW(할일표[구분])-ROW(INDEX(할일표[구분],1))+1),6)),구분표[구분],0))),"")} | AA33: {=IFERROR(IF(COUNTIFS(할일표[날짜],Z$27,할일표[업무],"<>")<6,"",INDEX(할일표[표시],SMALL(IF((할일표[날짜]=Z$27)*(할일표[업무]<>""),ROW(할일표[표시])-ROW(INDEX(할일표[표시],1))+1),6))),"")} | AB33: {=IFERROR(IF(COUNTIFS(할일표[날짜],Z$27,할일표[업무],"<>")<6,"",INDEX(할일표[업무],SMALL(IF((할일표[날짜]=Z$27)*(할일표[업무]<>""),ROW(할일표[날짜])-피벗!$T$11),6))),"")} | AC33: {=IFERROR(IF(COUNTIFS(할일표[날짜],Z$27,할일표[업무],"<>")<6,"",INDEX(할일표[진행률],SMALL(IF((할일표[날짜]=Z$27)*(할일표[업무]<>""),ROW(할일표[날짜])-피벗!$T$11),6))),"")}
B34: {=IFERROR(IF(COUNTIFS(할일표[날짜],B$27,할일표[업무],"<>")<7,"",INDEX(구분표[아이콘],MATCH(INDEX(할일표[구분],SMALL(IF((할일표[날짜]=B$27)*(할일표[업무]<>""),ROW(할일표[구분])-ROW(INDEX(할일표[구분],1))+1),7)),구분표[구분],0))),"")} | C34: {=IFERROR(IF(COUNTIFS(할일표[날짜],B$27,할일표[업무],"<>")<7,"",INDEX(할일표[표시],SMALL(IF((할일표[날짜]=B$27)*(할일표[업무]<>""),ROW(할일표[표시])-ROW(INDEX(할일표[표시],1))+1),7))),"")} | D34: {=IFERROR(IF(COUNTIFS(할일표[날짜],B$27,할일표[업무],"<>")<7,"",INDEX(할일표[업무],SMALL(IF((할일표[날짜]=B$27)*(할일표[업무]<>""),ROW(할일표[날짜])-피벗!$T$11),7))),"")} | E34: {=IFERROR(IF(COUNTIFS(할일표[날짜],B$27,할일표[업무],"<>")<7,"",INDEX(할일표[진행률],SMALL(IF((할일표[날짜]=B$27)*(할일표[업무]<>""),ROW(할일표[날짜])-피벗!$T$11),7))),"")} | F34: {=IFERROR(IF(COUNTIFS(할일표[날짜],F$27,할일표[업무],"<>")<7,"",INDEX(구분표[아이콘],MATCH(INDEX(할일표[구분],SMALL(IF((할일표[날짜]=F$27)*(할일표[업무]<>""),ROW(할일표[구분])-ROW(INDEX(할일표[구분],1))+1),7)),구분표[구분],0))),"")} | G34: {=IFERROR(IF(COUNTIFS(할일표[날짜],F$27,할일표[업무],"<>")<7,"",INDEX(할일표[표시],SMALL(IF((할일표[날짜]=F$27)*(할일표[업무]<>""),ROW(할일표[표시])-ROW(INDEX(할일표[표시],1))+1),7))),"")} | H34: {=IFERROR(IF(COUNTIFS(할일표[날짜],F$27,할일표[업무],"<>")<7,"",INDEX(할일표[업무],SMALL(IF((할일표[날짜]=F$27)*(할일표[업무]<>""),ROW(할일표[날짜])-피벗!$T$11),7))),"")} | I34: {=IFERROR(IF(COUNTIFS(할일표[날짜],F$27,할일표[업무],"<>")<7,"",INDEX(할일표[진행률],SMALL(IF((할일표[날짜]=F$27)*(할일표[업무]<>""),ROW(할일표[날짜])-피벗!$T$11),7))),"")} | J34: {=IFERROR(IF(COUNTIFS(할일표[날짜],J$27,할일표[업무],"<>")<7,"",INDEX(구분표[아이콘],MATCH(INDEX(할일표[구분],SMALL(IF((할일표[날짜]=J$27)*(할일표[업무]<>""),ROW(할일표[구분])-ROW(INDEX(할일표[구분],1))+1),7)),구분표[구분],0))),"")} | K34: {=IFERROR(IF(COUNTIFS(할일표[날짜],J$27,할일표[업무],"<>")<7,"",INDEX(할일표[표시],SMALL(IF((할일표[날짜]=J$27)*(할일표[업무]<>""),ROW(할일표[표시])-ROW(INDEX(할일표[표시],1))+1),7))),"")} | L34: {=IFERROR(IF(COUNTIFS(할일표[날짜],J$27,할일표[업무],"<>")<7,"",INDEX(할일표[업무],SMALL(IF((할일표[날짜]=J$27)*(할일표[업무]<>""),ROW(할일표[날짜])-피벗!$T$11),7))),"")} | M34: {=IFERROR(IF(COUNTIFS(할일표[날짜],J$27,할일표[업무],"<>")<7,"",INDEX(할일표[진행률],SMALL(IF((할일표[날짜]=J$27)*(할일표[업무]<>""),ROW(할일표[날짜])-피벗!$T$11),7))),"")} | N34: {=IFERROR(IF(COUNTIFS(할일표[날짜],N$27,할일표[업무],"<>")<7,"",INDEX(구분표[아이콘],MATCH(INDEX(할일표[구분],SMALL(IF((할일표[날짜]=N$27)*(할일표[업무]<>""),ROW(할일표[구분])-ROW(INDEX(할일표[구분],1))+1),7)),구분표[구분],0))),"")} | O34: {=IFERROR(IF(COUNTIFS(할일표[날짜],N$27,할일표[업무],"<>")<7,"",INDEX(할일표[표시],SMALL(IF((할일표[날짜]=N$27)*(할일표[업무]<>""),ROW(할일표[표시])-ROW(INDEX(할일표[표시],1))+1),7))),"")} | P34: {=IFERROR(IF(COUNTIFS(할일표[날짜],N$27,할일표[업무],"<>")<7,"",INDEX(할일표[업무],SMALL(IF((할일표[날짜]=N$27)*(할일표[업무]<>""),ROW(할일표[날짜])-피벗!$T$11),7))),"")} | Q34: {=IFERROR(IF(COUNTIFS(할일표[날짜],N$27,할일표[업무],"<>")<7,"",INDEX(할일표[진행률],SMALL(IF((할일표[날짜]=N$27)*(할일표[업무]<>""),ROW(할일표[날짜])-피벗!$T$11),7))),"")} | R34: {=IFERROR(IF(COUNTIFS(할일표[날짜],R$27,할일표[업무],"<>")<7,"",INDEX(구분표[아이콘],MATCH(INDEX(할일표[구분],SMALL(IF((할일표[날짜]=R$27)*(할일표[업무]<>""),ROW(할일표[구분])-ROW(INDEX(할일표[구분],1))+1),7)),구분표[구분],0))),"")} | S34: {=IFERROR(IF(COUNTIFS(할일표[날짜],R$27,할일표[업무],"<>")<7,"",INDEX(할일표[표시],SMALL(IF((할일표[날짜]=R$27)*(할일표[업무]<>""),ROW(할일표[표시])-ROW(INDEX(할일표[표시],1))+1),7))),"")} | T34: {=IFERROR(IF(COUNTIFS(할일표[날짜],R$27,할일표[업무],"<>")<7,"",INDEX(할일표[업무],SMALL(IF((할일표[날짜]=R$27)*(할일표[업무]<>""),ROW(할일표[날짜])-피벗!$T$11),7))),"")} | U34: {=IFERROR(IF(COUNTIFS(할일표[날짜],R$27,할일표[업무],"<>")<7,"",INDEX(할일표[진행률],SMALL(IF((할일표[날짜]=R$27)*(할일표[업무]<>""),ROW(할일표[날짜])-피벗!$T$11),7))),"")} | V34: {=IFERROR(IF(COUNTIFS(할일표[날짜],V$27,할일표[업무],"<>")<7,"",INDEX(구분표[아이콘],MATCH(INDEX(할일표[구분],SMALL(IF((할일표[날짜]=V$27)*(할일표[업무]<>""),ROW(할일표[구분])-ROW(INDEX(할일표[구분],1))+1),7)),구분표[구분],0))),"")} | W34: {=IFERROR(IF(COUNTIFS(할일표[날짜],V$27,할일표[업무],"<>")<7,"",INDEX(할일표[표시],SMALL(IF((할일표[날짜]=V$27)*(할일표[업무]<>""),ROW(할일표[표시])-ROW(INDEX(할일표[표시],1))+1),7))),"")} | X34: {=IFERROR(IF(COUNTIFS(할일표[날짜],V$27,할일표[업무],"<>")<7,"",INDEX(할일표[업무],SMALL(IF((할일표[날짜]=V$27)*(할일표[업무]<>""),ROW(할일표[날짜])-피벗!$T$11),7))),"")} | Y34: {=IFERROR(IF(COUNTIFS(할일표[날짜],V$27,할일표[업무],"<>")<7,"",INDEX(할일표[진행률],SMALL(IF((할일표[날짜]=V$27)*(할일표[업무]<>""),ROW(할일표[날짜])-피벗!$T$11),7))),"")} | Z34: {=IFERROR(IF(COUNTIFS(할일표[날짜],Z$27,할일표[업무],"<>")<7,"",INDEX(구분표[아이콘],MATCH(INDEX(할일표[구분],SMALL(IF((할일표[날짜]=Z$27)*(할일표[업무]<>""),ROW(할일표[구분])-ROW(INDEX(할일표[구분],1))+1),7)),구분표[구분],0))),"")} | AA34: {=IFERROR(IF(COUNTIFS(할일표[날짜],Z$27,할일표[업무],"<>")<7,"",INDEX(할일표[표시],SMALL(IF((할일표[날짜]=Z$27)*(할일표[업무]<>""),ROW(할일표[표시])-ROW(INDEX(할일표[표시],1))+1),7))),"")} | AB34: {=IFERROR(IF(COUNTIFS(할일표[날짜],Z$27,할일표[업무],"<>")<7,"",INDEX(할일표[업무],SMALL(IF((할일표[날짜]=Z$27)*(할일표[업무]<>""),ROW(할일표[날짜])-피벗!$T$11),7))),"")} | AC34: {=IFERROR(IF(COUNTIFS(할일표[날짜],Z$27,할일표[업무],"<>")<7,"",INDEX(할일표[진행률],SMALL(IF((할일표[날짜]=Z$27)*(할일표[업무]<>""),ROW(할일표[날짜])-피벗!$T$11),7))),"")}
B35: {=IFERROR(IF(COUNTIFS(할일표[날짜],B$27,할일표[업무],"<>")<8,"",INDEX(구분표[아이콘],MATCH(INDEX(할일표[구분],SMALL(IF((할일표[날짜]=B$27)*(할일표[업무]<>""),ROW(할일표[구분])-ROW(INDEX(할일표[구분],1))+1),8)),구분표[구분],0))),"")} | C35: {=IFERROR(IF(COUNTIFS(할일표[날짜],B$27,할일표[업무],"<>")<8,"",INDEX(할일표[표시],SMALL(IF((할일표[날짜]=B$27)*(할일표[업무]<>""),ROW(할일표[표시])-ROW(INDEX(할일표[표시],1))+1),8))),"")} | D35: {=IFERROR(IF(COUNTIFS(할일표[날짜],B$27,할일표[업무],"<>")<8,"",INDEX(할일표[업무],SMALL(IF((할일표[날짜]=B$27)*(할일표[업무]<>""),ROW(할일표[날짜])-피벗!$T$11),8))),"")} | E35: {=IFERROR(IF(COUNTIFS(할일표[날짜],B$27,할일표[업무],"<>")<8,"",INDEX(할일표[진행률],SMALL(IF((할일표[날짜]=B$27)*(할일표[업무]<>""),ROW(할일표[날짜])-피벗!$T$11),8))),"")} | F35: {=IFERROR(IF(COUNTIFS(할일표[날짜],F$27,할일표[업무],"<>")<8,"",INDEX(구분표[아이콘],MATCH(INDEX(할일표[구분],SMALL(IF((할일표[날짜]=F$27)*(할일표[업무]<>""),ROW(할일표[구분])-ROW(INDEX(할일표[구분],1))+1),8)),구분표[구분],0))),"")} | G35: {=IFERROR(IF(COUNTIFS(할일표[날짜],F$27,할일표[업무],"<>")<8,"",INDEX(할일표[표시],SMALL(IF((할일표[날짜]=F$27)*(할일표[업무]<>""),ROW(할일표[표시])-ROW(INDEX(할일표[표시],1))+1),8))),"")} | H35: {=IFERROR(IF(COUNTIFS(할일표[날짜],F$27,할일표[업무],"<>")<8,"",INDEX(할일표[업무],SMALL(IF((할일표[날짜]=F$27)*(할일표[업무]<>""),ROW(할일표[날짜])-피벗!$T$11),8))),"")} | I35: {=IFERROR(IF(COUNTIFS(할일표[날짜],F$27,할일표[업무],"<>")<8,"",INDEX(할일표[진행률],SMALL(IF((할일표[날짜]=F$27)*(할일표[업무]<>""),ROW(할일표[날짜])-피벗!$T$11),8))),"")} | J35: {=IFERROR(IF(COUNTIFS(할일표[날짜],J$27,할일표[업무],"<>")<8,"",INDEX(구분표[아이콘],MATCH(INDEX(할일표[구분],SMALL(IF((할일표[날짜]=J$27)*(할일표[업무]<>""),ROW(할일표[구분])-ROW(INDEX(할일표[구분],1))+1),8)),구분표[구분],0))),"")} | K35: {=IFERROR(IF(COUNTIFS(할일표[날짜],J$27,할일표[업무],"<>")<8,"",INDEX(할일표[표시],SMALL(IF((할일표[날짜]=J$27)*(할일표[업무]<>""),ROW(할일표[표시])-ROW(INDEX(할일표[표시],1))+1),8))),"")} | L35: {=IFERROR(IF(COUNTIFS(할일표[날짜],J$27,할일표[업무],"<>")<8,"",INDEX(할일표[업무],SMALL(IF((할일표[날짜]=J$27)*(할일표[업무]<>""),ROW(할일표[날짜])-피벗!$T$11),8))),"")} | M35: {=IFERROR(IF(COUNTIFS(할일표[날짜],J$27,할일표[업무],"<>")<8,"",INDEX(할일표[진행률],SMALL(IF((할일표[날짜]=J$27)*(할일표[업무]<>""),ROW(할일표[날짜])-피벗!$T$11),8))),"")} | N35: {=IFERROR(IF(COUNTIFS(할일표[날짜],N$27,할일표[업무],"<>")<8,"",INDEX(구분표[아이콘],MATCH(INDEX(할일표[구분],SMALL(IF((할일표[날짜]=N$27)*(할일표[업무]<>""),ROW(할일표[구분])-ROW(INDEX(할일표[구분],1))+1),8)),구분표[구분],0))),"")} | O35: {=IFERROR(IF(COUNTIFS(할일표[날짜],N$27,할일표[업무],"<>")<8,"",INDEX(할일표[표시],SMALL(IF((할일표[날짜]=N$27)*(할일표[업무]<>""),ROW(할일표[표시])-ROW(INDEX(할일표[표시],1))+1),8))),"")} | P35: {=IFERROR(IF(COUNTIFS(할일표[날짜],N$27,할일표[업무],"<>")<8,"",INDEX(할일표[업무],SMALL(IF((할일표[날짜]=N$27)*(할일표[업무]<>""),ROW(할일표[날짜])-피벗!$T$11),8))),"")} | Q35: {=IFERROR(IF(COUNTIFS(할일표[날짜],N$27,할일표[업무],"<>")<8,"",INDEX(할일표[진행률],SMALL(IF((할일표[날짜]=N$27)*(할일표[업무]<>""),ROW(할일표[날짜])-피벗!$T$11),8))),"")} | R35: {=IFERROR(IF(COUNTIFS(할일표[날짜],R$27,할일표[업무],"<>")<8,"",INDEX(구분표[아이콘],MATCH(INDEX(할일표[구분],SMALL(IF((할일표[날짜]=R$27)*(할일표[업무]<>""),ROW(할일표[구분])-ROW(INDEX(할일표[구분],1))+1),8)),구분표[구분],0))),"")} | S35: {=IFERROR(IF(COUNTIFS(할일표[날짜],R$27,할일표[업무],"<>")<8,"",INDEX(할일표[표시],SMALL(IF((할일표[날짜]=R$27)*(할일표[업무]<>""),ROW(할일표[표시])-ROW(INDEX(할일표[표시],1))+1),8))),"")} | T35: {=IFERROR(IF(COUNTIFS(할일표[날짜],R$27,할일표[업무],"<>")<8,"",INDEX(할일표[업무],SMALL(IF((할일표[날짜]=R$27)*(할일표[업무]<>""),ROW(할일표[날짜])-피벗!$T$11),8))),"")} | U35: {=IFERROR(IF(COUNTIFS(할일표[날짜],R$27,할일표[업무],"<>")<8,"",INDEX(할일표[진행률],SMALL(IF((할일표[날짜]=R$27)*(할일표[업무]<>""),ROW(할일표[날짜])-피벗!$T$11),8))),"")} | V35: {=IFERROR(IF(COUNTIFS(할일표[날짜],V$27,할일표[업무],"<>")<8,"",INDEX(구분표[아이콘],MATCH(INDEX(할일표[구분],SMALL(IF((할일표[날짜]=V$27)*(할일표[업무]<>""),ROW(할일표[구분])-ROW(INDEX(할일표[구분],1))+1),8)),구분표[구분],0))),"")} | W35: {=IFERROR(IF(COUNTIFS(할일표[날짜],V$27,할일표[업무],"<>")<8,"",INDEX(할일표[표시],SMALL(IF((할일표[날짜]=V$27)*(할일표[업무]<>""),ROW(할일표[표시])-ROW(INDEX(할일표[표시],1))+1),8))),"")} | X35: {=IFERROR(IF(COUNTIFS(할일표[날짜],V$27,할일표[업무],"<>")<8,"",INDEX(할일표[업무],SMALL(IF((할일표[날짜]=V$27)*(할일표[업무]<>""),ROW(할일표[날짜])-피벗!$T$11),8))),"")} | Y35: {=IFERROR(IF(COUNTIFS(할일표[날짜],V$27,할일표[업무],"<>")<8,"",INDEX(할일표[진행률],SMALL(IF((할일표[날짜]=V$27)*(할일표[업무]<>""),ROW(할일표[날짜])-피벗!$T$11),8))),"")} | Z35: {=IFERROR(IF(COUNTIFS(할일표[날짜],Z$27,할일표[업무],"<>")<8,"",INDEX(구분표[아이콘],MATCH(INDEX(할일표[구분],SMALL(IF((할일표[날짜]=Z$27)*(할일표[업무]<>""),ROW(할일표[구분])-ROW(INDEX(할일표[구분],1))+1),8)),구분표[구분],0))),"")} | AA35: {=IFERROR(IF(COUNTIFS(할일표[날짜],Z$27,할일표[업무],"<>")<8,"",INDEX(할일표[표시],SMALL(IF((할일표[날짜]=Z$27)*(할일표[업무]<>""),ROW(할일표[표시])-ROW(INDEX(할일표[표시],1))+1),8))),"")} | AB35: {=IFERROR(IF(COUNTIFS(할일표[날짜],Z$27,할일표[업무],"<>")<8,"",INDEX(할일표[업무],SMALL(IF((할일표[날짜]=Z$27)*(할일표[업무]<>""),ROW(할일표[날짜])-피벗!$T$11),8))),"")} | AC35: {=IFERROR(IF(COUNTIFS(할일표[날짜],Z$27,할일표[업무],"<>")<8,"",INDEX(할일표[진행률],SMALL(IF((할일표[날짜]=Z$27)*(할일표[업무]<>""),ROW(할일표[날짜])-피벗!$T$11),8))),"")}
B37: =Z27+1 -> 46285 | F37: =B37+1 -> 46286 | J37: =F37+1 -> 46287 | N37: =J37+1 -> 46288 | R37: =N37+1 -> 46289 | V37: =R37+1 -> 46290 | Z37: =V37+1 -> 46291
B38: {=IFERROR(IF(COUNTIFS(할일표[날짜],B$37,할일표[업무],"<>")<1,"",INDEX(구분표[아이콘],MATCH(INDEX(할일표[구분],SMALL(IF((할일표[날짜]=B$37)*(할일표[업무]<>""),ROW(할일표[구분])-ROW(INDEX(할일표[구분],1))+1),1)),구분표[구분],0))),"")} -> 0 | C38: {=IFERROR(IF(COUNTIFS(할일표[날짜],B$37,할일표[업무],"<>")<1,"",INDEX(할일표[표시],SMALL(IF((할일표[날짜]=B$37)*(할일표[업무]<>""),ROW(할일표[표시])-ROW(INDEX(할일표[표시],1))+1),1))),"")} -> 1 | D38: {=IFERROR(IF(COUNTIFS(할일표[날짜],B$37,할일표[업무],"<>")<1,"",INDEX(할일표[업무],SMALL(IF((할일표[날짜]=B$37)*(할일표[업무]<>""),ROW(할일표[날짜])-피벗!$T$11),1))),"")} -> 카드뉴스 포스팅 | E38: {=IFERROR(IF(COUNTIFS(할일표[날짜],B$37,할일표[업무],"<>")<1,"",INDEX(할일표[진행률],SMALL(IF((할일표[날짜]=B$37)*(할일표[업무]<>""),ROW(할일표[날짜])-피벗!$T$11),1))),"")} -> 0 | F38: {=IFERROR(IF(COUNTIFS(할일표[날짜],F$37,할일표[업무],"<>")<1,"",INDEX(구분표[아이콘],MATCH(INDEX(할일표[구분],SMALL(IF((할일표[날짜]=F$37)*(할일표[업무]<>""),ROW(할일표[구분])-ROW(INDEX(할일표[구분],1))+1),1)),구분표[구분],0))),"")} -> 0 | G38: {=IFERROR(IF(COUNTIFS(할일표[날짜],F$37,할일표[업무],"<>")<1,"",INDEX(할일표[표시],SMALL(IF((할일표[날짜]=F$37)*(할일표[업무]<>""),ROW(할일표[표시])-ROW(INDEX(할일표[표시],1))+1),1))),"")} -> 3 | H38: {=IFERROR(IF(COUNTIFS(할일표[날짜],F$37,할일표[업무],"<>")<1,"",INDEX(할일표[업무],SMALL(IF((할일표[날짜]=F$37)*(할일표[업무]<>""),ROW(할일표[날짜])-피벗!$T$11),1))),"")} -> 이메일 뉴스레터 기획 | I38: {=IFERROR(IF(COUNTIFS(할일표[날짜],F$37,할일표[업무],"<>")<1,"",INDEX(할일표[진행률],SMALL(IF((할일표[날짜]=F$37)*(할일표[업무]<>""),ROW(할일표[날짜])-피벗!$T$11),1))),"")} -> 0.25 | J38: {=IFERROR(IF(COUNTIFS(할일표[날짜],J$37,할일표[업무],"<>")<1,"",INDEX(구분표[아이콘],MATCH(INDEX(할일표[구분],SMALL(IF((할일표[날짜]=J$37)*(할일표[업무]<>""),ROW(할일표[구분])-ROW(INDEX(할일표[구분],1))+1),1)),구분표[구분],0))),"")} -> 0 | K38: {=IFERROR(IF(COUNTIFS(할일표[날짜],J$37,할일표[업무],"<>")<1,"",INDEX(할일표[표시],SMALL(IF((할일표[날짜]=J$37)*(할일표[업무]<>""),ROW(할일표[표시])-ROW(INDEX(할일표[표시],1))+1),1))),"")} -> 2 | L38: {=IFERROR(IF(COUNTIFS(할일표[날짜],J$37,할일표[업무],"<>")<1,"",INDEX(할일표[업무],SMALL(IF((할일표[날짜]=J$37)*(할일표[업무]<>""),ROW(할일표[날짜])-피벗!$T$11),1))),"")} -> 이메일 뉴스레터 초안 작성 | M38: {=IFERROR(IF(COUNTIFS(할일표[날짜],J$37,할일표[업무],"<>")<1,"",INDEX(할일표[진행률],SMALL(IF((할일표[날짜]=J$37)*(할일표[업무]<>""),ROW(할일표[날짜])-피벗!$T$11),1))),"")} -> 0 | N38: {=IFERROR(IF(COUNTIFS(할일표[날짜],N$37,할일표[업무],"<>")<1,"",INDEX(구분표[아이콘],MATCH(INDEX(할일표[구분],SMALL(IF((할일표[날짜]=N$37)*(할일표[업무]<>""),ROW(할일표[구분])-ROW(INDEX(할일표[구분],1))+1),1)),구분표[구분],0))),"")} -> 0 | O38: {=IFERROR(IF(COUNTIFS(할일표[날짜],N$37,할일표[업무],"<>")<1,"",INDEX(할일표[표시],SMALL(IF((할일표[날짜]=N$37)*(할일표[업무]<>""),ROW(할일표[표시])-ROW(INDEX(할일표[표시],1))+1),1))),"")} -> 1 | P38: {=IFERROR(IF(COUNTIFS(할일표[날짜],N$37,할일표[업무],"<>")<1,"",INDEX(할일표[업무],SMALL(IF((할일표[날짜]=N$37)*(할일표[업무]<>""),ROW(할일표[날짜])-피벗!$T$11),1))),"")} -> 이메일 뉴스레터 발행 | Q38: {=IFERROR(IF(COUNTIFS(할일표[날짜],N$37,할일표[업무],"<>")<1,"",INDEX(할일표[진행률],SMALL(IF((할일표[날짜]=N$37)*(할일표[업무]<>""),ROW(할일표[날짜])-피벗!$T$11),1))),"")} -> 0 | R38: {=IFERROR(IF(COUNTIFS(할일표[날짜],R$37,할일표[업무],"<>")<1,"",INDEX(구분표[아이콘],MATCH(INDEX(할일표[구분],SMALL(IF((할일표[날짜]=R$37)*(할일표[업무]<>""),ROW(할일표[구분])-ROW(INDEX(할일표[구분],1))+1),1)),구분표[구분],0))),"")} -> 🗓️ | S38: {=IFERROR(IF(COUNTIFS(할일표[날짜],R$37,할일표[업무],"<>")<1,"",INDEX(할일표[표시],SMALL(IF((할일표[날짜]=R$37)*(할일표[업무]<>""),ROW(할일표[표시])-ROW(INDEX(할일표[표시],1))+1),1))),"")} -> 1 | T38: {=IFERROR(IF(COUNTIFS(할일표[날짜],R$37,할일표[업무],"<>")<1,"",INDEX(할일표[업무],SMALL(IF((할일표[날짜]=R$37)*(할일표[업무]<>""),ROW(할일표[날짜])-피벗!$T$11),1))),"")} -> 11:00 미팅 | U38: {=IFERROR(IF(COUNTIFS(할일표[날짜],R$37,할일표[업무],"<>")<1,"",INDEX(할일표[진행률],SMALL(IF((할일표[날짜]=R$37)*(할일표[업무]<>""),ROW(할일표[날짜])-피벗!$T$11),1))),"")} -> 1 | V38: {=IFERROR(IF(COUNTIFS(할일표[날짜],V$37,할일표[업무],"<>")<1,"",INDEX(구분표[아이콘],MATCH(INDEX(할일표[구분],SMALL(IF((할일표[날짜]=V$37)*(할일표[업무]<>""),ROW(할일표[구분])-ROW(INDEX(할일표[구분],1))+1),1)),구분표[구분],0))),"")} | W38: {=IFERROR(IF(COUNTIFS(할일표[날짜],V$37,할일표[업무],"<>")<1,"",INDEX(할일표[표시],SMALL(IF((할일표[날짜]=V$37)*(할일표[업무]<>""),ROW(할일표[표시])-ROW(INDEX(할일표[표시],1))+1),1))),"")} | X38: {=IFERROR(IF(COUNTIFS(할일표[날짜],V$37,할일표[업무],"<>")<1,"",INDEX(할일표[업무],SMALL(IF((할일표[날짜]=V$37)*(할일표[업무]<>""),ROW(할일표[날짜])-피벗!$T$11),1))),"")} | Y38: {=IFERROR(IF(COUNTIFS(할일표[날짜],V$37,할일표[업무],"<>")<1,"",INDEX(할일표[진행률],SMALL(IF((할일표[날짜]=V$37)*(할일표[업무]<>""),ROW(할일표[날짜])-피벗!$T$11),1))),"")} | Z38: {=IFERROR(IF(COUNTIFS(할일표[날짜],Z$37,할일표[업무],"<>")<1,"",INDEX(구분표[아이콘],MATCH(INDEX(할일표[구분],SMALL(IF((할일표[날짜]=Z$37)*(할일표[업무]<>""),ROW(할일표[구분])-ROW(INDEX(할일표[구분],1))+1),1)),구분표[구분],0))),"")} | AA38: {=IFERROR(IF(COUNTIFS(할일표[날짜],Z$37,할일표[업무],"<>")<1,"",INDEX(할일표[표시],SMALL(IF((할일표[날짜]=Z$37)*(할일표[업무]<>""),ROW(할일표[표시])-ROW(INDEX(할일표[표시],1))+1),1))),"")} | AB38: {=IFERROR(IF(COUNTIFS(할일표[날짜],Z$37,할일표[업무],"<>")<1,"",INDEX(할일표[업무],SMALL(IF((할일표[날짜]=Z$37)*(할일표[업무]<>""),ROW(할일표[날짜])-피벗!$T$11),1))),"")} | AC38: {=IFERROR(IF(COUNTIFS(할일표[날짜],Z$37,할일표[업무],"<>")<1,"",INDEX(할일표[진행률],SMALL(IF((할일표[날짜]=Z$37)*(할일표[업무]<>""),ROW(할일표[날짜])-피벗!$T$11),1))),"")}
B39: {=IFERROR(IF(COUNTIFS(할일표[날짜],B$37,할일표[업무],"<>")<2,"",INDEX(구분표[아이콘],MATCH(INDEX(할일표[구분],SMALL(IF((할일표[날짜]=B$37)*(할일표[업무]<>""),ROW(할일표[구분])-ROW(INDEX(할일표[구분],1))+1),2)),구분표[구분],0))),"")} | C39: {=IFERROR(IF(COUNTIFS(할일표[날짜],B$37,할일표[업무],"<>")<2,"",INDEX(할일표[표시],SMALL(IF((할일표[날짜]=B$37)*(할일표[업무]<>""),ROW(할일표[표시])-ROW(INDEX(할일표[표시],1))+1),2))),"")} | D39: {=IFERROR(IF(COUNTIFS(할일표[날짜],B$37,할일표[업무],"<>")<2,"",INDEX(할일표[업무],SMALL(IF((할일표[날짜]=B$37)*(할일표[업무]<>""),ROW(할일표[날짜])-피벗!$T$11),2))),"")} | E39: {=IFERROR(IF(COUNTIFS(할일표[날짜],B$37,할일표[업무],"<>")<2,"",INDEX(할일표[진행률],SMALL(IF((할일표[날짜]=B$37)*(할일표[업무]<>""),ROW(할일표[날짜])-피벗!$T$11),2))),"")} | F39: {=IFERROR(IF(COUNTIFS(할일표[날짜],F$37,할일표[업무],"<>")<2,"",INDEX(구분표[아이콘],MATCH(INDEX(할일표[구분],SMALL(IF((할일표[날짜]=F$37)*(할일표[업무]<>""),ROW(할일표[구분])-ROW(INDEX(할일표[구분],1))+1),2)),구분표[구분],0))),"")} | G39: {=IFERROR(IF(COUNTIFS(할일표[날짜],F$37,할일표[업무],"<>")<2,"",INDEX(할일표[표시],SMALL(IF((할일표[날짜]=F$37)*(할일표[업무]<>""),ROW(할일표[표시])-ROW(INDEX(할일표[표시],1))+1),2))),"")} | H39: {=IFERROR(IF(COUNTIFS(할일표[날짜],F$37,할일표[업무],"<>")<2,"",INDEX(할일표[업무],SMALL(IF((할일표[날짜]=F$37)*(할일표[업무]<>""),ROW(할일표[날짜])-피벗!$T$11),2))),"")} | I39: {=IFERROR(IF(COUNTIFS(할일표[날짜],F$37,할일표[업무],"<>")<2,"",INDEX(할일표[진행률],SMALL(IF((할일표[날짜]=F$37)*(할일표[업무]<>""),ROW(할일표[날짜])-피벗!$T$11),2))),"")} | J39: {=IFERROR(IF(COUNTIFS(할일표[날짜],J$37,할일표[업무],"<>")<2,"",INDEX(구분표[아이콘],MATCH(INDEX(할일표[구분],SMALL(IF((할일표[날짜]=J$37)*(할일표[업무]<>""),ROW(할일표[구분])-ROW(INDEX(할일표[구분],1))+1),2)),구분표[구분],0))),"")} | K39: {=IFERROR(IF(COUNTIFS(할일표[날짜],J$37,할일표[업무],"<>")<2,"",INDEX(할일표[표시],SMALL(IF((할일표[날짜]=J$37)*(할일표[업무]<>""),ROW(할일표[표시])-ROW(INDEX(할일표[표시],1))+1),2))),"")} | L39: {=IFERROR(IF(COUNTIFS(할일표[날짜],J$37,할일표[업무],"<>")<2,"",INDEX(할일표[업무],SMALL(IF((할일표[날짜]=J$37)*(할일표[업무]<>""),ROW(할일표[날짜])-피벗!$T$11),2))),"")} | M39: {=IFERROR(IF(COUNTIFS(할일표[날짜],J$37,할일표[업무],"<>")<2,"",INDEX(할일표[진행률],SMALL(IF((할일표[날짜]=J$37)*(할일표[업무]<>""),ROW(할일표[날짜])-피벗!$T$11),2))),"")} | N39: {=IFERROR(IF(COUNTIFS(할일표[날짜],N$37,할일표[업무],"<>")<2,"",INDEX(구분표[아이콘],MATCH(INDEX(할일표[구분],SMALL(IF((할일표[날짜]=N$37)*(할일표[업무]<>""),ROW(할일표[구분])-ROW(INDEX(할일표[구분],1))+1),2)),구분표[구분],0))),"")} | O39: {=IFERROR(IF(COUNTIFS(할일표[날짜],N$37,할일표[업무],"<>")<2,"",INDEX(할일표[표시],SMALL(IF((할일표[날짜]=N$37)*(할일표[업무]<>""),ROW(할일표[표시])-ROW(INDEX(할일표[표시],1))+1),2))),"")} | P39: {=IFERROR(IF(COUNTIFS(할일표[날짜],N$37,할일표[업무],"<>")<2,"",INDEX(할일표[업무],SMALL(IF((할일표[날짜]=N$37)*(할일표[업무]<>""),ROW(할일표[날짜])-피벗!$T$11),2))),"")} | Q39: {=IFERROR(IF(COUNTIFS(할일표[날짜],N$37,할일표[업무],"<>")<2,"",INDEX(할일표[진행률],SMALL(IF((할일표[날짜]=N$37)*(할일표[업무]<>""),ROW(할일표[날짜])-피벗!$T$11),2))),"")} | R39: {=IFERROR(IF(COUNTIFS(할일표[날짜],R$37,할일표[업무],"<>")<2,"",INDEX(구분표[아이콘],MATCH(INDEX(할일표[구분],SMALL(IF((할일표[날짜]=R$37)*(할일표[업무]<>""),ROW(할일표[구분])-ROW(INDEX(할일표[구분],1))+1),2)),구분표[구분],0))),"")} | S39: {=IFERROR(IF(COUNTIFS(할일표[날짜],R$37,할일표[업무],"<>")<2,"",INDEX(할일표[표시],SMALL(IF((할일표[날짜]=R$37)*(할일표[업무]<>""),ROW(할일표[표시])-ROW(INDEX(할일표[표시],1))+1),2))),"")} | T39: {=IFERROR(IF(COUNTIFS(할일표[날짜],R$37,할일표[업무],"<>")<2,"",INDEX(할일표[업무],SMALL(IF((할일표[날짜]=R$37)*(할일표[업무]<>""),ROW(할일표[날짜])-피벗!$T$11),2))),"")} | U39: {=IFERROR(IF(COUNTIFS(할일표[날짜],R$37,할일표[업무],"<>")<2,"",INDEX(할일표[진행률],SMALL(IF((할일표[날짜]=R$37)*(할일표[업무]<>""),ROW(할일표[날짜])-피벗!$T$11),2))),"")} | V39: {=IFERROR(IF(COUNTIFS(할일표[날짜],V$37,할일표[업무],"<>")<2,"",INDEX(구분표[아이콘],MATCH(INDEX(할일표[구분],SMALL(IF((할일표[날짜]=V$37)*(할일표[업무]<>""),ROW(할일표[구분])-ROW(INDEX(할일표[구분],1))+1),2)),구분표[구분],0))),"")} | W39: {=IFERROR(IF(COUNTIFS(할일표[날짜],V$37,할일표[업무],"<>")<2,"",INDEX(할일표[표시],SMALL(IF((할일표[날짜]=V$37)*(할일표[업무]<>""),ROW(할일표[표시])-ROW(INDEX(할일표[표시],1))+1),2))),"")} | X39: {=IFERROR(IF(COUNTIFS(할일표[날짜],V$37,할일표[업무],"<>")<2,"",INDEX(할일표[업무],SMALL(IF((할일표[날짜]=V$37)*(할일표[업무]<>""),ROW(할일표[날짜])-피벗!$T$11),2))),"")} | Y39: {=IFERROR(IF(COUNTIFS(할일표[날짜],V$37,할일표[업무],"<>")<2,"",INDEX(할일표[진행률],SMALL(IF((할일표[날짜]=V$37)*(할일표[업무]<>""),ROW(할일표[날짜])-피벗!$T$11),2))),"")} | Z39: {=IFERROR(IF(COUNTIFS(할일표[날짜],Z$37,할일표[업무],"<>")<2,"",INDEX(구분표[아이콘],MATCH(INDEX(할일표[구분],SMALL(IF((할일표[날짜]=Z$37)*(할일표[업무]<>""),ROW(할일표[구분])-ROW(INDEX(할일표[구분],1))+1),2)),구분표[구분],0))),"")} | AA39: {=IFERROR(IF(COUNTIFS(할일표[날짜],Z$37,할일표[업무],"<>")<2,"",INDEX(할일표[표시],SMALL(IF((할일표[날짜]=Z$37)*(할일표[업무]<>""),ROW(할일표[표시])-ROW(INDEX(할일표[표시],1))+1),2))),"")} | AB39: {=IFERROR(IF(COUNTIFS(할일표[날짜],Z$37,할일표[업무],"<>")<2,"",INDEX(할일표[업무],SMALL(IF((할일표[날짜]=Z$37)*(할일표[업무]<>""),ROW(할일표[날짜])-피벗!$T$11),2))),"")} | AC39: {=IFERROR(IF(COUNTIFS(할일표[날짜],Z$37,할일표[업무],"<>")<2,"",INDEX(할일표[진행률],SMALL(IF((할일표[날짜]=Z$37)*(할일표[업무]<>""),ROW(할일표[날짜])-피벗!$T$11),2))),"")}
B40: {=IFERROR(IF(COUNTIFS(할일표[날짜],B$37,할일표[업무],"<>")<3,"",INDEX(구분표[아이콘],MATCH(INDEX(할일표[구분],SMALL(IF((할일표[날짜]=B$37)*(할일표[업무]<>""),ROW(할일표[구분])-ROW(INDEX(할일표[구분],1))+1),3)),구분표[구분],0))),"")} | C40: {=IFERROR(IF(COUNTIFS(할일표[날짜],B$37,할일표[업무],"<>")<3,"",INDEX(할일표[표시],SMALL(IF((할일표[날짜]=B$37)*(할일표[업무]<>""),ROW(할일표[표시])-ROW(INDEX(할일표[표시],1))+1),3))),"")} | D40: {=IFERROR(IF(COUNTIFS(할일표[날짜],B$37,할일표[업무],"<>")<3,"",INDEX(할일표[업무],SMALL(IF((할일표[날짜]=B$37)*(할일표[업무]<>""),ROW(할일표[날짜])-피벗!$T$11),3))),"")} | E40: {=IFERROR(IF(COUNTIFS(할일표[날짜],B$37,할일표[업무],"<>")<3,"",INDEX(할일표[진행률],SMALL(IF((할일표[날짜]=B$37)*(할일표[업무]<>""),ROW(할일표[날짜])-피벗!$T$11),3))),"")} | F40: {=IFERROR(IF(COUNTIFS(할일표[날짜],F$37,할일표[업무],"<>")<3,"",INDEX(구분표[아이콘],MATCH(INDEX(할일표[구분],SMALL(IF((할일표[날짜]=F$37)*(할일표[업무]<>""),ROW(할일표[구분])-ROW(INDEX(할일표[구분],1))+1),3)),구분표[구분],0))),"")} | G40: {=IFERROR(IF(COUNTIFS(할일표[날짜],F$37,할일표[업무],"<>")<3,"",INDEX(할일표[표시],SMALL(IF((할일표[날짜]=F$37)*(할일표[업무]<>""),ROW(할일표[표시])-ROW(INDEX(할일표[표시],1))+1),3))),"")} | H40: {=IFERROR(IF(COUNTIFS(할일표[날짜],F$37,할일표[업무],"<>")<3,"",INDEX(할일표[업무],SMALL(IF((할일표[날짜]=F$37)*(할일표[업무]<>""),ROW(할일표[날짜])-피벗!$T$11),3))),"")} | I40: {=IFERROR(IF(COUNTIFS(할일표[날짜],F$37,할일표[업무],"<>")<3,"",INDEX(할일표[진행률],SMALL(IF((할일표[날짜]=F$37)*(할일표[업무]<>""),ROW(할일표[날짜])-피벗!$T$11),3))),"")} | J40: {=IFERROR(IF(COUNTIFS(할일표[날짜],J$37,할일표[업무],"<>")<3,"",INDEX(구분표[아이콘],MATCH(INDEX(할일표[구분],SMALL(IF((할일표[날짜]=J$37)*(할일표[업무]<>""),ROW(할일표[구분])-ROW(INDEX(할일표[구분],1))+1),3)),구분표[구분],0))),"")} | K40: {=IFERROR(IF(COUNTIFS(할일표[날짜],J$37,할일표[업무],"<>")<3,"",INDEX(할일표[표시],SMALL(IF((할일표[날짜]=J$37)*(할일표[업무]<>""),ROW(할일표[표시])-ROW(INDEX(할일표[표시],1))+1),3))),"")} | L40: {=IFERROR(IF(COUNTIFS(할일표[날짜],J$37,할일표[업무],"<>")<3,"",INDEX(할일표[업무],SMALL(IF((할일표[날짜]=J$37)*(할일표[업무]<>""),ROW(할일표[날짜])-피벗!$T$11),3))),"")} | M40: {=IFERROR(IF(COUNTIFS(할일표[날짜],J$37,할일표[업무],"<>")<3,"",INDEX(할일표[진행률],SMALL(IF((할일표[날짜]=J$37)*(할일표[업무]<>""),ROW(할일표[날짜])-피벗!$T$11),3))),"")} | N40: {=IFERROR(IF(COUNTIFS(할일표[날짜],N$37,할일표[업무],"<>")<3,"",INDEX(구분표[아이콘],MATCH(INDEX(할일표[구분],SMALL(IF((할일표[날짜]=N$37)*(할일표[업무]<>""),ROW(할일표[구분])-ROW(INDEX(할일표[구분],1))+1),3)),구분표[구분],0))),"")} | O40: {=IFERROR(IF(COUNTIFS(할일표[날짜],N$37,할일표[업무],"<>")<3,"",INDEX(할일표[표시],SMALL(IF((할일표[날짜]=N$37)*(할일표[업무]<>""),ROW(할일표[표시])-ROW(INDEX(할일표[표시],1))+1),3))),"")} | P40: {=IFERROR(IF(COUNTIFS(할일표[날짜],N$37,할일표[업무],"<>")<3,"",INDEX(할일표[업무],SMALL(IF((할일표[날짜]=N$37)*(할일표[업무]<>""),ROW(할일표[날짜])-피벗!$T$11),3))),"")} | Q40: {=IFERROR(IF(COUNTIFS(할일표[날짜],N$37,할일표[업무],"<>")<3,"",INDEX(할일표[진행률],SMALL(IF((할일표[날짜]=N$37)*(할일표[업무]<>""),ROW(할일표[날짜])-피벗!$T$11),3))),"")} | R40: {=IFERROR(IF(COUNTIFS(할일표[날짜],R$37,할일표[업무],"<>")<3,"",INDEX(구분표[아이콘],MATCH(INDEX(할일표[구분],SMALL(IF((할일표[날짜]=R$37)*(할일표[업무]<>""),ROW(할일표[구분])-ROW(INDEX(할일표[구분],1))+1),3)),구분표[구분],0))),"")} | S40: {=IFERROR(IF(COUNTIFS(할일표[날짜],R$37,할일표[업무],"<>")<3,"",INDEX(할일표[표시],SMALL(IF((할일표[날짜]=R$37)*(할일표[업무]<>""),ROW(할일표[표시])-ROW(INDEX(할일표[표시],1))+1),3))),"")} | T40: {=IFERROR(IF(COUNTIFS(할일표[날짜],R$37,할일표[업무],"<>")<3,"",INDEX(할일표[업무],SMALL(IF((할일표[날짜]=R$37)*(할일표[업무]<>""),ROW(할일표[날짜])-피벗!$T$11),3))),"")} | U40: {=IFERROR(IF(COUNTIFS(할일표[날짜],R$37,할일표[업무],"<>")<3,"",INDEX(할일표[진행률],SMALL(IF((할일표[날짜]=R$37)*(할일표[업무]<>""),ROW(할일표[날짜])-피벗!$T$11),3))),"")} | V40: {=IFERROR(IF(COUNTIFS(할일표[날짜],V$37,할일표[업무],"<>")<3,"",INDEX(구분표[아이콘],MATCH(INDEX(할일표[구분],SMALL(IF((할일표[날짜]=V$37)*(할일표[업무]<>""),ROW(할일표[구분])-ROW(INDEX(할일표[구분],1))+1),3)),구분표[구분],0))),"")} | W40: {=IFERROR(IF(COUNTIFS(할일표[날짜],V$37,할일표[업무],"<>")<3,"",INDEX(할일표[표시],SMALL(IF((할일표[날짜]=V$37)*(할일표[업무]<>""),ROW(할일표[표시])-ROW(INDEX(할일표[표시],1))+1),3))),"")} | X40: {=IFERROR(IF(COUNTIFS(할일표[날짜],V$37,할일표[업무],"<>")<3,"",INDEX(할일표[업무],SMALL(IF((할일표[날짜]=V$37)*(할일표[업무]<>""),ROW(할일표[날짜])-피벗!$T$11),3))),"")} | Y40: {=IFERROR(IF(COUNTIFS(할일표[날짜],V$37,할일표[업무],"<>")<3,"",INDEX(할일표[진행률],SMALL(IF((할일표[날짜]=V$37)*(할일표[업무]<>""),ROW(할일표[날짜])-피벗!$T$11),3))),"")} | Z40: {=IFERROR(IF(COUNTIFS(할일표[날짜],Z$37,할일표[업무],"<>")<3,"",INDEX(구분표[아이콘],MATCH(INDEX(할일표[구분],SMALL(IF((할일표[날짜]=Z$37)*(할일표[업무]<>""),ROW(할일표[구분])-ROW(INDEX(할일표[구분],1))+1),3)),구분표[구분],0))),"")} | AA40: {=IFERROR(IF(COUNTIFS(할일표[날짜],Z$37,할일표[업무],"<>")<3,"",INDEX(할일표[표시],SMALL(IF((할일표[날짜]=Z$37)*(할일표[업무]<>""),ROW(할일표[표시])-ROW(INDEX(할일표[표시],1))+1),3))),"")} | AB40: {=IFERROR(IF(COUNTIFS(할일표[날짜],Z$37,할일표[업무],"<>")<3,"",INDEX(할일표[업무],SMALL(IF((할일표[날짜]=Z$37)*(할일표[업무]<>""),ROW(할일표[날짜])-피벗!$T$11),3))),"")} | AC40: {=IFERROR(IF(COUNTIFS(할일표[날짜],Z$37,할일표[업무],"<>")<3,"",INDEX(할일표[진행률],SMALL(IF((할일표[날짜]=Z$37)*(할일표[업무]<>""),ROW(할일표[날짜])-피벗!$T$11),3))),"")}
B41: {=IFERROR(IF(COUNTIFS(할일표[날짜],B$37,할일표[업무],"<>")<4,"",INDEX(구분표[아이콘],MATCH(INDEX(할일표[구분],SMALL(IF((할일표[날짜]=B$37)*(할일표[업무]<>""),ROW(할일표[구분])-ROW(INDEX(할일표[구분],1))+1),4)),구분표[구분],0))),"")} | C41: {=IFERROR(IF(COUNTIFS(할일표[날짜],B$37,할일표[업무],"<>")<4,"",INDEX(할일표[표시],SMALL(IF((할일표[날짜]=B$37)*(할일표[업무]<>""),ROW(할일표[표시])-ROW(INDEX(할일표[표시],1))+1),4))),"")} | D41: {=IFERROR(IF(COUNTIFS(할일표[날짜],B$37,할일표[업무],"<>")<4,"",INDEX(할일표[업무],SMALL(IF((할일표[날짜]=B$37)*(할일표[업무]<>""),ROW(할일표[날짜])-피벗!$T$11),4))),"")} | E41: {=IFERROR(IF(COUNTIFS(할일표[날짜],B$37,할일표[업무],"<>")<4,"",INDEX(할일표[진행률],SMALL(IF((할일표[날짜]=B$37)*(할일표[업무]<>""),ROW(할일표[날짜])-피벗!$T$11),4))),"")} | F41: {=IFERROR(IF(COUNTIFS(할일표[날짜],F$37,할일표[업무],"<>")<4,"",INDEX(구분표[아이콘],MATCH(INDEX(할일표[구분],SMALL(IF((할일표[날짜]=F$37)*(할일표[업무]<>""),ROW(할일표[구분])-ROW(INDEX(할일표[구분],1))+1),4)),구분표[구분],0))),"")} | G41: {=IFERROR(IF(COUNTIFS(할일표[날짜],F$37,할일표[업무],"<>")<4,"",INDEX(할일표[표시],SMALL(IF((할일표[날짜]=F$37)*(할일표[업무]<>""),ROW(할일표[표시])-ROW(INDEX(할일표[표시],1))+1),4))),"")} | H41: {=IFERROR(IF(COUNTIFS(할일표[날짜],F$37,할일표[업무],"<>")<4,"",INDEX(할일표[업무],SMALL(IF((할일표[날짜]=F$37)*(할일표[업무]<>""),ROW(할일표[날짜])-피벗!$T$11),4))),"")} | I41: {=IFERROR(IF(COUNTIFS(할일표[날짜],F$37,할일표[업무],"<>")<4,"",INDEX(할일표[진행률],SMALL(IF((할일표[날짜]=F$37)*(할일표[업무]<>""),ROW(할일표[날짜])-피벗!$T$11),4))),"")} | J41: {=IFERROR(IF(COUNTIFS(할일표[날짜],J$37,할일표[업무],"<>")<4,"",INDEX(구분표[아이콘],MATCH(INDEX(할일표[구분],SMALL(IF((할일표[날짜]=J$37)*(할일표[업무]<>""),ROW(할일표[구분])-ROW(INDEX(할일표[구분],1))+1),4)),구분표[구분],0))),"")} | K41: {=IFERROR(IF(COUNTIFS(할일표[날짜],J$37,할일표[업무],"<>")<4,"",INDEX(할일표[표시],SMALL(IF((할일표[날짜]=J$37)*(할일표[업무]<>""),ROW(할일표[표시])-ROW(INDEX(할일표[표시],1))+1),4))),"")} | L41: {=IFERROR(IF(COUNTIFS(할일표[날짜],J$37,할일표[업무],"<>")<4,"",INDEX(할일표[업무],SMALL(IF((할일표[날짜]=J$37)*(할일표[업무]<>""),ROW(할일표[날짜])-피벗!$T$11),4))),"")} | M41: {=IFERROR(IF(COUNTIFS(할일표[날짜],J$37,할일표[업무],"<>")<4,"",INDEX(할일표[진행률],SMALL(IF((할일표[날짜]=J$37)*(할일표[업무]<>""),ROW(할일표[날짜])-피벗!$T$11),4))),"")} | N41: {=IFERROR(IF(COUNTIFS(할일표[날짜],N$37,할일표[업무],"<>")<4,"",INDEX(구분표[아이콘],MATCH(INDEX(할일표[구분],SMALL(IF((할일표[날짜]=N$37)*(할일표[업무]<>""),ROW(할일표[구분])-ROW(INDEX(할일표[구분],1))+1),4)),구분표[구분],0))),"")} | O41: {=IFERROR(IF(COUNTIFS(할일표[날짜],N$37,할일표[업무],"<>")<4,"",INDEX(할일표[표시],SMALL(IF((할일표[날짜]=N$37)*(할일표[업무]<>""),ROW(할일표[표시])-ROW(INDEX(할일표[표시],1))+1),4))),"")} | P41: {=IFERROR(IF(COUNTIFS(할일표[날짜],N$37,할일표[업무],"<>")<4,"",INDEX(할일표[업무],SMALL(IF((할일표[날짜]=N$37)*(할일표[업무]<>""),ROW(할일표[날짜])-피벗!$T$11),4))),"")} | Q41: {=IFERROR(IF(COUNTIFS(할일표[날짜],N$37,할일표[업무],"<>")<4,"",INDEX(할일표[진행률],SMALL(IF((할일표[날짜]=N$37)*(할일표[업무]<>""),ROW(할일표[날짜])-피벗!$T$11),4))),"")} | R41: {=IFERROR(IF(COUNTIFS(할일표[날짜],R$37,할일표[업무],"<>")<4,"",INDEX(구분표[아이콘],MATCH(INDEX(할일표[구분],SMALL(IF((할일표[날짜]=R$37)*(할일표[업무]<>""),ROW(할일표[구분])-ROW(INDEX(할일표[구분],1))+1),4)),구분표[구분],0))),"")} | S41: {=IFERROR(IF(COUNTIFS(할일표[날짜],R$37,할일표[업무],"<>")<4,"",INDEX(할일표[표시],SMALL(IF((할일표[날짜]=R$37)*(할일표[업무]<>""),ROW(할일표[표시])-ROW(INDEX(할일표[표시],1))+1),4))),"")} | T41: {=IFERROR(IF(COUNTIFS(할일표[날짜],R$37,할일표[업무],"<>")<4,"",INDEX(할일표[업무],SMALL(IF((할일표[날짜]=R$37)*(할일표[업무]<>""),ROW(할일표[날짜])-피벗!$T$11),4))),"")} | U41: {=IFERROR(IF(COUNTIFS(할일표[날짜],R$37,할일표[업무],"<>")<4,"",INDEX(할일표[진행률],SMALL(IF((할일표[날짜]=R$37)*(할일표[업무]<>""),ROW(할일표[날짜])-피벗!$T$11),4))),"")} | V41: {=IFERROR(IF(COUNTIFS(할일표[날짜],V$37,할일표[업무],"<>")<4,"",INDEX(구분표[아이콘],MATCH(INDEX(할일표[구분],SMALL(IF((할일표[날짜]=V$37)*(할일표[업무]<>""),ROW(할일표[구분])-ROW(INDEX(할일표[구분],1))+1),4)),구분표[구분],0))),"")} | W41: {=IFERROR(IF(COUNTIFS(할일표[날짜],V$37,할일표[업무],"<>")<4,"",INDEX(할일표[표시],SMALL(IF((할일표[날짜]=V$37)*(할일표[업무]<>""),ROW(할일표[표시])-ROW(INDEX(할일표[표시],1))+1),4))),"")} | X41: {=IFERROR(IF(COUNTIFS(할일표[날짜],V$37,할일표[업무],"<>")<4,"",INDEX(할일표[업무],SMALL(IF((할일표[날짜]=V$37)*(할일표[업무]<>""),ROW(할일표[날짜])-피벗!$T$11),4))),"")} | Y41: {=IFERROR(IF(COUNTIFS(할일표[날짜],V$37,할일표[업무],"<>")<4,"",INDEX(할일표[진행률],SMALL(IF((할일표[날짜]=V$37)*(할일표[업무]<>""),ROW(할일표[날짜])-피벗!$T$11),4))),"")} | Z41: {=IFERROR(IF(COUNTIFS(할일표[날짜],Z$37,할일표[업무],"<>")<4,"",INDEX(구분표[아이콘],MATCH(INDEX(할일표[구분],SMALL(IF((할일표[날짜]=Z$37)*(할일표[업무]<>""),ROW(할일표[구분])-ROW(INDEX(할일표[구분],1))+1),4)),구분표[구분],0))),"")} | AA41: {=IFERROR(IF(COUNTIFS(할일표[날짜],Z$37,할일표[업무],"<>")<4,"",INDEX(할일표[표시],SMALL(IF((할일표[날짜]=Z$37)*(할일표[업무]<>""),ROW(할일표[표시])-ROW(INDEX(할일표[표시],1))+1),4))),"")} | AB41: {=IFERROR(IF(COUNTIFS(할일표[날짜],Z$37,할일표[업무],"<>")<4,"",INDEX(할일표[업무],SMALL(IF((할일표[날짜]=Z$37)*(할일표[업무]<>""),ROW(할일표[날짜])-피벗!$T$11),4))),"")} | AC41: {=IFERROR(IF(COUNTIFS(할일표[날짜],Z$37,할일표[업무],"<>")<4,"",INDEX(할일표[진행률],SMALL(IF((할일표[날짜]=Z$37)*(할일표[업무]<>""),ROW(할일표[날짜])-피벗!$T$11),4))),"")}
B42: {=IFERROR(IF(COUNTIFS(할일표[날짜],B$37,할일표[업무],"<>")<5,"",INDEX(구분표[아이콘],MATCH(INDEX(할일표[구분],SMALL(IF((할일표[날짜]=B$37)*(할일표[업무]<>""),ROW(할일표[구분])-ROW(INDEX(할일표[구분],1))+1),5)),구분표[구분],0))),"")} | C42: {=IFERROR(IF(COUNTIFS(할일표[날짜],B$37,할일표[업무],"<>")<5,"",INDEX(할일표[표시],SMALL(IF((할일표[날짜]=B$37)*(할일표[업무]<>""),ROW(할일표[표시])-ROW(INDEX(할일표[표시],1))+1),5))),"")} | D42: {=IFERROR(IF(COUNTIFS(할일표[날짜],B$37,할일표[업무],"<>")<5,"",INDEX(할일표[업무],SMALL(IF((할일표[날짜]=B$37)*(할일표[업무]<>""),ROW(할일표[날짜])-피벗!$T$11),5))),"")} | E42: {=IFERROR(IF(COUNTIFS(할일표[날짜],B$37,할일표[업무],"<>")<5,"",INDEX(할일표[진행률],SMALL(IF((할일표[날짜]=B$37)*(할일표[업무]<>""),ROW(할일표[날짜])-피벗!$T$11),5))),"")} | F42: {=IFERROR(IF(COUNTIFS(할일표[날짜],F$37,할일표[업무],"<>")<5,"",INDEX(구분표[아이콘],MATCH(INDEX(할일표[구분],SMALL(IF((할일표[날짜]=F$37)*(할일표[업무]<>""),ROW(할일표[구분])-ROW(INDEX(할일표[구분],1))+1),5)),구분표[구분],0))),"")} | G42: {=IFERROR(IF(COUNTIFS(할일표[날짜],F$37,할일표[업무],"<>")<5,"",INDEX(할일표[표시],SMALL(IF((할일표[날짜]=F$37)*(할일표[업무]<>""),ROW(할일표[표시])-ROW(INDEX(할일표[표시],1))+1),5))),"")} | H42: {=IFERROR(IF(COUNTIFS(할일표[날짜],F$37,할일표[업무],"<>")<5,"",INDEX(할일표[업무],SMALL(IF((할일표[날짜]=F$37)*(할일표[업무]<>""),ROW(할일표[날짜])-피벗!$T$11),5))),"")} | I42: {=IFERROR(IF(COUNTIFS(할일표[날짜],F$37,할일표[업무],"<>")<5,"",INDEX(할일표[진행률],SMALL(IF((할일표[날짜]=F$37)*(할일표[업무]<>""),ROW(할일표[날짜])-피벗!$T$11),5))),"")} | J42: {=IFERROR(IF(COUNTIFS(할일표[날짜],J$37,할일표[업무],"<>")<5,"",INDEX(구분표[아이콘],MATCH(INDEX(할일표[구분],SMALL(IF((할일표[날짜]=J$37)*(할일표[업무]<>""),ROW(할일표[구분])-ROW(INDEX(할일표[구분],1))+1),5)),구분표[구분],0))),"")} | K42: {=IFERROR(IF(COUNTIFS(할일표[날짜],J$37,할일표[업무],"<>")<5,"",INDEX(할일표[표시],SMALL(IF((할일표[날짜]=J$37)*(할일표[업무]<>""),ROW(할일표[표시])-ROW(INDEX(할일표[표시],1))+1),5))),"")} | L42: {=IFERROR(IF(COUNTIFS(할일표[날짜],J$37,할일표[업무],"<>")<5,"",INDEX(할일표[업무],SMALL(IF((할일표[날짜]=J$37)*(할일표[업무]<>""),ROW(할일표[날짜])-피벗!$T$11),5))),"")} | M42: {=IFERROR(IF(COUNTIFS(할일표[날짜],J$37,할일표[업무],"<>")<5,"",INDEX(할일표[진행률],SMALL(IF((할일표[날짜]=J$37)*(할일표[업무]<>""),ROW(할일표[날짜])-피벗!$T$11),5))),"")} | N42: {=IFERROR(IF(COUNTIFS(할일표[날짜],N$37,할일표[업무],"<>")<5,"",INDEX(구분표[아이콘],MATCH(INDEX(할일표[구분],SMALL(IF((할일표[날짜]=N$37)*(할일표[업무]<>""),ROW(할일표[구분])-ROW(INDEX(할일표[구분],1))+1),5)),구분표[구분],0))),"")} | O42: {=IFERROR(IF(COUNTIFS(할일표[날짜],N$37,할일표[업무],"<>")<5,"",INDEX(할일표[표시],SMALL(IF((할일표[날짜]=N$37)*(할일표[업무]<>""),ROW(할일표[표시])-ROW(INDEX(할일표[표시],1))+1),5))),"")} | P42: {=IFERROR(IF(COUNTIFS(할일표[날짜],N$37,할일표[업무],"<>")<5,"",INDEX(할일표[업무],SMALL(IF((할일표[날짜]=N$37)*(할일표[업무]<>""),ROW(할일표[날짜])-피벗!$T$11),5))),"")} | Q42: {=IFERROR(IF(COUNTIFS(할일표[날짜],N$37,할일표[업무],"<>")<5,"",INDEX(할일표[진행률],SMALL(IF((할일표[날짜]=N$37)*(할일표[업무]<>""),ROW(할일표[날짜])-피벗!$T$11),5))),"")} | R42: {=IFERROR(IF(COUNTIFS(할일표[날짜],R$37,할일표[업무],"<>")<5,"",INDEX(구분표[아이콘],MATCH(INDEX(할일표[구분],SMALL(IF((할일표[날짜]=R$37)*(할일표[업무]<>""),ROW(할일표[구분])-ROW(INDEX(할일표[구분],1))+1),5)),구분표[구분],0))),"")} | S42: {=IFERROR(IF(COUNTIFS(할일표[날짜],R$37,할일표[업무],"<>")<5,"",INDEX(할일표[표시],SMALL(IF((할일표[날짜]=R$37)*(할일표[업무]<>""),ROW(할일표[표시])-ROW(INDEX(할일표[표시],1))+1),5))),"")} | T42: {=IFERROR(IF(COUNTIFS(할일표[날짜],R$37,할일표[업무],"<>")<5,"",INDEX(할일표[업무],SMALL(IF((할일표[날짜]=R$37)*(할일표[업무]<>""),ROW(할일표[날짜])-피벗!$T$11),5))),"")} | U42: {=IFERROR(IF(COUNTIFS(할일표[날짜],R$37,할일표[업무],"<>")<5,"",INDEX(할일표[진행률],SMALL(IF((할일표[날짜]=R$37)*(할일표[업무]<>""),ROW(할일표[날짜])-피벗!$T$11),5))),"")} | V42: {=IFERROR(IF(COUNTIFS(할일표[날짜],V$37,할일표[업무],"<>")<5,"",INDEX(구분표[아이콘],MATCH(INDEX(할일표[구분],SMALL(IF((할일표[날짜]=V$37)*(할일표[업무]<>""),ROW(할일표[구분])-ROW(INDEX(할일표[구분],1))+1),5)),구분표[구분],0))),"")} | W42: {=IFERROR(IF(COUNTIFS(할일표[날짜],V$37,할일표[업무],"<>")<5,"",INDEX(할일표[표시],SMALL(IF((할일표[날짜]=V$37)*(할일표[업무]<>""),ROW(할일표[표시])-ROW(INDEX(할일표[표시],1))+1),5))),"")} | X42: {=IFERROR(IF(COUNTIFS(할일표[날짜],V$37,할일표[업무],"<>")<5,"",INDEX(할일표[업무],SMALL(IF((할일표[날짜]=V$37)*(할일표[업무]<>""),ROW(할일표[날짜])-피벗!$T$11),5))),"")} | Y42: {=IFERROR(IF(COUNTIFS(할일표[날짜],V$37,할일표[업무],"<>")<5,"",INDEX(할일표[진행률],SMALL(IF((할일표[날짜]=V$37)*(할일표[업무]<>""),ROW(할일표[날짜])-피벗!$T$11),5))),"")} | Z42: {=IFERROR(IF(COUNTIFS(할일표[날짜],Z$37,할일표[업무],"<>")<5,"",INDEX(구분표[아이콘],MATCH(INDEX(할일표[구분],SMALL(IF((할일표[날짜]=Z$37)*(할일표[업무]<>""),ROW(할일표[구분])-ROW(INDEX(할일표[구분],1))+1),5)),구분표[구분],0))),"")} | AA42: {=IFERROR(IF(COUNTIFS(할일표[날짜],Z$37,할일표[업무],"<>")<5,"",INDEX(할일표[표시],SMALL(IF((할일표[날짜]=Z$37)*(할일표[업무]<>""),ROW(할일표[표시])-ROW(INDEX(할일표[표시],1))+1),5))),"")} | AB42: {=IFERROR(IF(COUNTIFS(할일표[날짜],Z$37,할일표[업무],"<>")<5,"",INDEX(할일표[업무],SMALL(IF((할일표[날짜]=Z$37)*(할일표[업무]<>""),ROW(할일표[날짜])-피벗!$T$11),5))),"")} | AC42: {=IFERROR(IF(COUNTIFS(할일표[날짜],Z$37,할일표[업무],"<>")<5,"",INDEX(할일표[진행률],SMALL(IF((할일표[날짜]=Z$37)*(할일표[업무]<>""),ROW(할일표[날짜])-피벗!$T$11),5))),"")}
B43: {=IFERROR(IF(COUNTIFS(할일표[날짜],B$37,할일표[업무],"<>")<6,"",INDEX(구분표[아이콘],MATCH(INDEX(할일표[구분],SMALL(IF((할일표[날짜]=B$37)*(할일표[업무]<>""),ROW(할일표[구분])-ROW(INDEX(할일표[구분],1))+1),6)),구분표[구분],0))),"")} | C43: {=IFERROR(IF(COUNTIFS(할일표[날짜],B$37,할일표[업무],"<>")<6,"",INDEX(할일표[표시],SMALL(IF((할일표[날짜]=B$37)*(할일표[업무]<>""),ROW(할일표[표시])-ROW(INDEX(할일표[표시],1))+1),6))),"")} | D43: {=IFERROR(IF(COUNTIFS(할일표[날짜],B$37,할일표[업무],"<>")<6,"",INDEX(할일표[업무],SMALL(IF((할일표[날짜]=B$37)*(할일표[업무]<>""),ROW(할일표[날짜])-피벗!$T$11),6))),"")} | E43: {=IFERROR(IF(COUNTIFS(할일표[날짜],B$37,할일표[업무],"<>")<6,"",INDEX(할일표[진행률],SMALL(IF((할일표[날짜]=B$37)*(할일표[업무]<>""),ROW(할일표[날짜])-피벗!$T$11),6))),"")} | F43: {=IFERROR(IF(COUNTIFS(할일표[날짜],F$37,할일표[업무],"<>")<6,"",INDEX(구분표[아이콘],MATCH(INDEX(할일표[구분],SMALL(IF((할일표[날짜]=F$37)*(할일표[업무]<>""),ROW(할일표[구분])-ROW(INDEX(할일표[구분],1))+1),6)),구분표[구분],0))),"")} | G43: {=IFERROR(IF(COUNTIFS(할일표[날짜],F$37,할일표[업무],"<>")<6,"",INDEX(할일표[표시],SMALL(IF((할일표[날짜]=F$37)*(할일표[업무]<>""),ROW(할일표[표시])-ROW(INDEX(할일표[표시],1))+1),6))),"")} | H43: {=IFERROR(IF(COUNTIFS(할일표[날짜],F$37,할일표[업무],"<>")<6,"",INDEX(할일표[업무],SMALL(IF((할일표[날짜]=F$37)*(할일표[업무]<>""),ROW(할일표[날짜])-피벗!$T$11),6))),"")} | I43: {=IFERROR(IF(COUNTIFS(할일표[날짜],F$37,할일표[업무],"<>")<6,"",INDEX(할일표[진행률],SMALL(IF((할일표[날짜]=F$37)*(할일표[업무]<>""),ROW(할일표[날짜])-피벗!$T$11),6))),"")} | J43: {=IFERROR(IF(COUNTIFS(할일표[날짜],J$37,할일표[업무],"<>")<6,"",INDEX(구분표[아이콘],MATCH(INDEX(할일표[구분],SMALL(IF((할일표[날짜]=J$37)*(할일표[업무]<>""),ROW(할일표[구분])-ROW(INDEX(할일표[구분],1))+1),6)),구분표[구분],0))),"")} | K43: {=IFERROR(IF(COUNTIFS(할일표[날짜],J$37,할일표[업무],"<>")<6,"",INDEX(할일표[표시],SMALL(IF((할일표[날짜]=J$37)*(할일표[업무]<>""),ROW(할일표[표시])-ROW(INDEX(할일표[표시],1))+1),6))),"")} | L43: {=IFERROR(IF(COUNTIFS(할일표[날짜],J$37,할일표[업무],"<>")<6,"",INDEX(할일표[업무],SMALL(IF((할일표[날짜]=J$37)*(할일표[업무]<>""),ROW(할일표[날짜])-피벗!$T$11),6))),"")} | M43: {=IFERROR(IF(COUNTIFS(할일표[날짜],J$37,할일표[업무],"<>")<6,"",INDEX(할일표[진행률],SMALL(IF((할일표[날짜]=J$37)*(할일표[업무]<>""),ROW(할일표[날짜])-피벗!$T$11),6))),"")} | N43: {=IFERROR(IF(COUNTIFS(할일표[날짜],N$37,할일표[업무],"<>")<6,"",INDEX(구분표[아이콘],MATCH(INDEX(할일표[구분],SMALL(IF((할일표[날짜]=N$37)*(할일표[업무]<>""),ROW(할일표[구분])-ROW(INDEX(할일표[구분],1))+1),6)),구분표[구분],0))),"")} | O43: {=IFERROR(IF(COUNTIFS(할일표[날짜],N$37,할일표[업무],"<>")<6,"",INDEX(할일표[표시],SMALL(IF((할일표[날짜]=N$37)*(할일표[업무]<>""),ROW(할일표[표시])-ROW(INDEX(할일표[표시],1))+1),6))),"")} | P43: {=IFERROR(IF(COUNTIFS(할일표[날짜],N$37,할일표[업무],"<>")<6,"",INDEX(할일표[업무],SMALL(IF((할일표[날짜]=N$37)*(할일표[업무]<>""),ROW(할일표[날짜])-피벗!$T$11),6))),"")} | Q43: {=IFERROR(IF(COUNTIFS(할일표[날짜],N$37,할일표[업무],"<>")<6,"",INDEX(할일표[진행률],SMALL(IF((할일표[날짜]=N$37)*(할일표[업무]<>""),ROW(할일표[날짜])-피벗!$T$11),6))),"")} | R43: {=IFERROR(IF(COUNTIFS(할일표[날짜],R$37,할일표[업무],"<>")<6,"",INDEX(구분표[아이콘],MATCH(INDEX(할일표[구분],SMALL(IF((할일표[날짜]=R$37)*(할일표[업무]<>""),ROW(할일표[구분])-ROW(INDEX(할일표[구분],1))+1),6)),구분표[구분],0))),"")} | S43: {=IFERROR(IF(COUNTIFS(할일표[날짜],R$37,할일표[업무],"<>")<6,"",INDEX(할일표[표시],SMALL(IF((할일표[날짜]=R$37)*(할일표[업무]<>""),ROW(할일표[표시])-ROW(INDEX(할일표[표시],1))+1),6))),"")} | T43: {=IFERROR(IF(COUNTIFS(할일표[날짜],R$37,할일표[업무],"<>")<6,"",INDEX(할일표[업무],SMALL(IF((할일표[날짜]=R$37)*(할일표[업무]<>""),ROW(할일표[날짜])-피벗!$T$11),6))),"")} | U43: {=IFERROR(IF(COUNTIFS(할일표[날짜],R$37,할일표[업무],"<>")<6,"",INDEX(할일표[진행률],SMALL(IF((할일표[날짜]=R$37)*(할일표[업무]<>""),ROW(할일표[날짜])-피벗!$T$11),6))),"")} | V43: {=IFERROR(IF(COUNTIFS(할일표[날짜],V$37,할일표[업무],"<>")<6,"",INDEX(구분표[아이콘],MATCH(INDEX(할일표[구분],SMALL(IF((할일표[날짜]=V$37)*(할일표[업무]<>""),ROW(할일표[구분])-ROW(INDEX(할일표[구분],1))+1),6)),구분표[구분],0))),"")} | W43: {=IFERROR(IF(COUNTIFS(할일표[날짜],V$37,할일표[업무],"<>")<6,"",INDEX(할일표[표시],SMALL(IF((할일표[날짜]=V$37)*(할일표[업무]<>""),ROW(할일표[표시])-ROW(INDEX(할일표[표시],1))+1),6))),"")} | X43: {=IFERROR(IF(COUNTIFS(할일표[날짜],V$37,할일표[업무],"<>")<6,"",INDEX(할일표[업무],SMALL(IF((할일표[날짜]=V$37)*(할일표[업무]<>""),ROW(할일표[날짜])-피벗!$T$11),6))),"")} | Y43: {=IFERROR(IF(COUNTIFS(할일표[날짜],V$37,할일표[업무],"<>")<6,"",INDEX(할일표[진행률],SMALL(IF((할일표[날짜]=V$37)*(할일표[업무]<>""),ROW(할일표[날짜])-피벗!$T$11),6))),"")} | Z43: {=IFERROR(IF(COUNTIFS(할일표[날짜],Z$37,할일표[업무],"<>")<6,"",INDEX(구분표[아이콘],MATCH(INDEX(할일표[구분],SMALL(IF((할일표[날짜]=Z$37)*(할일표[업무]<>""),ROW(할일표[구분])-ROW(INDEX(할일표[구분],1))+1),6)),구분표[구분],0))),"")} | AA43: {=IFERROR(IF(COUNTIFS(할일표[날짜],Z$37,할일표[업무],"<>")<6,"",INDEX(할일표[표시],SMALL(IF((할일표[날짜]=Z$37)*(할일표[업무]<>""),ROW(할일표[표시])-ROW(INDEX(할일표[표시],1))+1),6))),"")} | AB43: {=IFERROR(IF(COUNTIFS(할일표[날짜],Z$37,할일표[업무],"<>")<6,"",INDEX(할일표[업무],SMALL(IF((할일표[날짜]=Z$37)*(할일표[업무]<>""),ROW(할일표[날짜])-피벗!$T$11),6))),"")} | AC43: {=IFERROR(IF(COUNTIFS(할일표[날짜],Z$37,할일표[업무],"<>")<6,"",INDEX(할일표[진행률],SMALL(IF((할일표[날짜]=Z$37)*(할일표[업무]<>""),ROW(할일표[날짜])-피벗!$T$11),6))),"")}
B44: {=IFERROR(IF(COUNTIFS(할일표[날짜],B$37,할일표[업무],"<>")<7,"",INDEX(구분표[아이콘],MATCH(INDEX(할일표[구분],SMALL(IF((할일표[날짜]=B$37)*(할일표[업무]<>""),ROW(할일표[구분])-ROW(INDEX(할일표[구분],1))+1),7)),구분표[구분],0))),"")} | C44: {=IFERROR(IF(COUNTIFS(할일표[날짜],B$37,할일표[업무],"<>")<7,"",INDEX(할일표[표시],SMALL(IF((할일표[날짜]=B$37)*(할일표[업무]<>""),ROW(할일표[표시])-ROW(INDEX(할일표[표시],1))+1),7))),"")} | D44: {=IFERROR(IF(COUNTIFS(할일표[날짜],B$37,할일표[업무],"<>")<7,"",INDEX(할일표[업무],SMALL(IF((할일표[날짜]=B$37)*(할일표[업무]<>""),ROW(할일표[날짜])-피벗!$T$11),7))),"")} | E44: {=IFERROR(IF(COUNTIFS(할일표[날짜],B$37,할일표[업무],"<>")<7,"",INDEX(할일표[진행률],SMALL(IF((할일표[날짜]=B$37)*(할일표[업무]<>""),ROW(할일표[날짜])-피벗!$T$11),7))),"")} | F44: {=IFERROR(IF(COUNTIFS(할일표[날짜],F$37,할일표[업무],"<>")<7,"",INDEX(구분표[아이콘],MATCH(INDEX(할일표[구분],SMALL(IF((할일표[날짜]=F$37)*(할일표[업무]<>""),ROW(할일표[구분])-ROW(INDEX(할일표[구분],1))+1),7)),구분표[구분],0))),"")} | G44: {=IFERROR(IF(COUNTIFS(할일표[날짜],F$37,할일표[업무],"<>")<7,"",INDEX(할일표[표시],SMALL(IF((할일표[날짜]=F$37)*(할일표[업무]<>""),ROW(할일표[표시])-ROW(INDEX(할일표[표시],1))+1),7))),"")} | H44: {=IFERROR(IF(COUNTIFS(할일표[날짜],F$37,할일표[업무],"<>")<7,"",INDEX(할일표[업무],SMALL(IF((할일표[날짜]=F$37)*(할일표[업무]<>""),ROW(할일표[날짜])-피벗!$T$11),7))),"")} | I44: {=IFERROR(IF(COUNTIFS(할일표[날짜],F$37,할일표[업무],"<>")<7,"",INDEX(할일표[진행률],SMALL(IF((할일표[날짜]=F$37)*(할일표[업무]<>""),ROW(할일표[날짜])-피벗!$T$11),7))),"")} | J44: {=IFERROR(IF(COUNTIFS(할일표[날짜],J$37,할일표[업무],"<>")<7,"",INDEX(구분표[아이콘],MATCH(INDEX(할일표[구분],SMALL(IF((할일표[날짜]=J$37)*(할일표[업무]<>""),ROW(할일표[구분])-ROW(INDEX(할일표[구분],1))+1),7)),구분표[구분],0))),"")} | K44: {=IFERROR(IF(COUNTIFS(할일표[날짜],J$37,할일표[업무],"<>")<7,"",INDEX(할일표[표시],SMALL(IF((할일표[날짜]=J$37)*(할일표[업무]<>""),ROW(할일표[표시])-ROW(INDEX(할일표[표시],1))+1),7))),"")} | L44: {=IFERROR(IF(COUNTIFS(할일표[날짜],J$37,할일표[업무],"<>")<7,"",INDEX(할일표[업무],SMALL(IF((할일표[날짜]=J$37)*(할일표[업무]<>""),ROW(할일표[날짜])-피벗!$T$11),7))),"")} | M44: {=IFERROR(IF(COUNTIFS(할일표[날짜],J$37,할일표[업무],"<>")<7,"",INDEX(할일표[진행률],SMALL(IF((할일표[날짜]=J$37)*(할일표[업무]<>""),ROW(할일표[날짜])-피벗!$T$11),7))),"")} | N44: {=IFERROR(IF(COUNTIFS(할일표[날짜],N$37,할일표[업무],"<>")<7,"",INDEX(구분표[아이콘],MATCH(INDEX(할일표[구분],SMALL(IF((할일표[날짜]=N$37)*(할일표[업무]<>""),ROW(할일표[구분])-ROW(INDEX(할일표[구분],1))+1),7)),구분표[구분],0))),"")} | O44: {=IFERROR(IF(COUNTIFS(할일표[날짜],N$37,할일표[업무],"<>")<7,"",INDEX(할일표[표시],SMALL(IF((할일표[날짜]=N$37)*(할일표[업무]<>""),ROW(할일표[표시])-ROW(INDEX(할일표[표시],1))+1),7))),"")} | P44: {=IFERROR(IF(COUNTIFS(할일표[날짜],N$37,할일표[업무],"<>")<7,"",INDEX(할일표[업무],SMALL(IF((할일표[날짜]=N$37)*(할일표[업무]<>""),ROW(할일표[날짜])-피벗!$T$11),7))),"")} | Q44: {=IFERROR(IF(COUNTIFS(할일표[날짜],N$37,할일표[업무],"<>")<7,"",INDEX(할일표[진행률],SMALL(IF((할일표[날짜]=N$37)*(할일표[업무]<>""),ROW(할일표[날짜])-피벗!$T$11),7))),"")} | R44: {=IFERROR(IF(COUNTIFS(할일표[날짜],R$37,할일표[업무],"<>")<7,"",INDEX(구분표[아이콘],MATCH(INDEX(할일표[구분],SMALL(IF((할일표[날짜]=R$37)*(할일표[업무]<>""),ROW(할일표[구분])-ROW(INDEX(할일표[구분],1))+1),7)),구분표[구분],0))),"")} | S44: {=IFERROR(IF(COUNTIFS(할일표[날짜],R$37,할일표[업무],"<>")<7,"",INDEX(할일표[표시],SMALL(IF((할일표[날짜]=R$37)*(할일표[업무]<>""),ROW(할일표[표시])-ROW(INDEX(할일표[표시],1))+1),7))),"")} | T44: {=IFERROR(IF(COUNTIFS(할일표[날짜],R$37,할일표[업무],"<>")<7,"",INDEX(할일표[업무],SMALL(IF((할일표[날짜]=R$37)*(할일표[업무]<>""),ROW(할일표[날짜])-피벗!$T$11),7))),"")} | U44: {=IFERROR(IF(COUNTIFS(할일표[날짜],R$37,할일표[업무],"<>")<7,"",INDEX(할일표[진행률],SMALL(IF((할일표[날짜]=R$37)*(할일표[업무]<>""),ROW(할일표[날짜])-피벗!$T$11),7))),"")} | V44: {=IFERROR(IF(COUNTIFS(할일표[날짜],V$37,할일표[업무],"<>")<7,"",INDEX(구분표[아이콘],MATCH(INDEX(할일표[구분],SMALL(IF((할일표[날짜]=V$37)*(할일표[업무]<>""),ROW(할일표[구분])-ROW(INDEX(할일표[구분],1))+1),7)),구분표[구분],0))),"")} | W44: {=IFERROR(IF(COUNTIFS(할일표[날짜],V$37,할일표[업무],"<>")<7,"",INDEX(할일표[표시],SMALL(IF((할일표[날짜]=V$37)*(할일표[업무]<>""),ROW(할일표[표시])-ROW(INDEX(할일표[표시],1))+1),7))),"")} | X44: {=IFERROR(IF(COUNTIFS(할일표[날짜],V$37,할일표[업무],"<>")<7,"",INDEX(할일표[업무],SMALL(IF((할일표[날짜]=V$37)*(할일표[업무]<>""),ROW(할일표[날짜])-피벗!$T$11),7))),"")} | Y44: {=IFERROR(IF(COUNTIFS(할일표[날짜],V$37,할일표[업무],"<>")<7,"",INDEX(할일표[진행률],SMALL(IF((할일표[날짜]=V$37)*(할일표[업무]<>""),ROW(할일표[날짜])-피벗!$T$11),7))),"")} | Z44: {=IFERROR(IF(COUNTIFS(할일표[날짜],Z$37,할일표[업무],"<>")<7,"",INDEX(구분표[아이콘],MATCH(INDEX(할일표[구분],SMALL(IF((할일표[날짜]=Z$37)*(할일표[업무]<>""),ROW(할일표[구분])-ROW(INDEX(할일표[구분],1))+1),7)),구분표[구분],0))),"")} | AA44: {=IFERROR(IF(COUNTIFS(할일표[날짜],Z$37,할일표[업무],"<>")<7,"",INDEX(할일표[표시],SMALL(IF((할일표[날짜]=Z$37)*(할일표[업무]<>""),ROW(할일표[표시])-ROW(INDEX(할일표[표시],1))+1),7))),"")} | AB44: {=IFERROR(IF(COUNTIFS(할일표[날짜],Z$37,할일표[업무],"<>")<7,"",INDEX(할일표[업무],SMALL(IF((할일표[날짜]=Z$37)*(할일표[업무]<>""),ROW(할일표[날짜])-피벗!$T$11),7))),"")} | AC44: {=IFERROR(IF(COUNTIFS(할일표[날짜],Z$37,할일표[업무],"<>")<7,"",INDEX(할일표[진행률],SMALL(IF((할일표[날짜]=Z$37)*(할일표[업무]<>""),ROW(할일표[날짜])-피벗!$T$11),7))),"")}
B45: {=IFERROR(IF(COUNTIFS(할일표[날짜],B$37,할일표[업무],"<>")<8,"",INDEX(구분표[아이콘],MATCH(INDEX(할일표[구분],SMALL(IF((할일표[날짜]=B$37)*(할일표[업무]<>""),ROW(할일표[구분])-ROW(INDEX(할일표[구분],1))+1),8)),구분표[구분],0))),"")} | C45: {=IFERROR(IF(COUNTIFS(할일표[날짜],B$37,할일표[업무],"<>")<8,"",INDEX(할일표[표시],SMALL(IF((할일표[날짜]=B$37)*(할일표[업무]<>""),ROW(할일표[표시])-ROW(INDEX(할일표[표시],1))+1),8))),"")} | D45: {=IFERROR(IF(COUNTIFS(할일표[날짜],B$37,할일표[업무],"<>")<8,"",INDEX(할일표[업무],SMALL(IF((할일표[날짜]=B$37)*(할일표[업무]<>""),ROW(할일표[날짜])-피벗!$T$11),8))),"")} | E45: {=IFERROR(IF(COUNTIFS(할일표[날짜],B$37,할일표[업무],"<>")<8,"",INDEX(할일표[진행률],SMALL(IF((할일표[날짜]=B$37)*(할일표[업무]<>""),ROW(할일표[날짜])-피벗!$T$11),8))),"")} | F45: {=IFERROR(IF(COUNTIFS(할일표[날짜],F$37,할일표[업무],"<>")<8,"",INDEX(구분표[아이콘],MATCH(INDEX(할일표[구분],SMALL(IF((할일표[날짜]=F$37)*(할일표[업무]<>""),ROW(할일표[구분])-ROW(INDEX(할일표[구분],1))+1),8)),구분표[구분],0))),"")} | G45: {=IFERROR(IF(COUNTIFS(할일표[날짜],F$37,할일표[업무],"<>")<8,"",INDEX(할일표[표시],SMALL(IF((할일표[날짜]=F$37)*(할일표[업무]<>""),ROW(할일표[표시])-ROW(INDEX(할일표[표시],1))+1),8))),"")} | H45: {=IFERROR(IF(COUNTIFS(할일표[날짜],F$37,할일표[업무],"<>")<8,"",INDEX(할일표[업무],SMALL(IF((할일표[날짜]=F$37)*(할일표[업무]<>""),ROW(할일표[날짜])-피벗!$T$11),8))),"")} | I45: {=IFERROR(IF(COUNTIFS(할일표[날짜],F$37,할일표[업무],"<>")<8,"",INDEX(할일표[진행률],SMALL(IF((할일표[날짜]=F$37)*(할일표[업무]<>""),ROW(할일표[날짜])-피벗!$T$11),8))),"")} | J45: {=IFERROR(IF(COUNTIFS(할일표[날짜],J$37,할일표[업무],"<>")<8,"",INDEX(구분표[아이콘],MATCH(INDEX(할일표[구분],SMALL(IF((할일표[날짜]=J$37)*(할일표[업무]<>""),ROW(할일표[구분])-ROW(INDEX(할일표[구분],1))+1),8)),구분표[구분],0))),"")} | K45: {=IFERROR(IF(COUNTIFS(할일표[날짜],J$37,할일표[업무],"<>")<8,"",INDEX(할일표[표시],SMALL(IF((할일표[날짜]=J$37)*(할일표[업무]<>""),ROW(할일표[표시])-ROW(INDEX(할일표[표시],1))+1),8))),"")} | L45: {=IFERROR(IF(COUNTIFS(할일표[날짜],J$37,할일표[업무],"<>")<8,"",INDEX(할일표[업무],SMALL(IF((할일표[날짜]=J$37)*(할일표[업무]<>""),ROW(할일표[날짜])-피벗!$T$11),8))),"")} | M45: {=IFERROR(IF(COUNTIFS(할일표[날짜],J$37,할일표[업무],"<>")<8,"",INDEX(할일표[진행률],SMALL(IF((할일표[날짜]=J$37)*(할일표[업무]<>""),ROW(할일표[날짜])-피벗!$T$11),8))),"")} | N45: {=IFERROR(IF(COUNTIFS(할일표[날짜],N$37,할일표[업무],"<>")<8,"",INDEX(구분표[아이콘],MATCH(INDEX(할일표[구분],SMALL(IF((할일표[날짜]=N$37)*(할일표[업무]<>""),ROW(할일표[구분])-ROW(INDEX(할일표[구분],1))+1),8)),구분표[구분],0))),"")} | O45: {=IFERROR(IF(COUNTIFS(할일표[날짜],N$37,할일표[업무],"<>")<8,"",INDEX(할일표[표시],SMALL(IF((할일표[날짜]=N$37)*(할일표[업무]<>""),ROW(할일표[표시])-ROW(INDEX(할일표[표시],1))+1),8))),"")} | P45: {=IFERROR(IF(COUNTIFS(할일표[날짜],N$37,할일표[업무],"<>")<8,"",INDEX(할일표[업무],SMALL(IF((할일표[날짜]=N$37)*(할일표[업무]<>""),ROW(할일표[날짜])-피벗!$T$11),8))),"")} | Q45: {=IFERROR(IF(COUNTIFS(할일표[날짜],N$37,할일표[업무],"<>")<8,"",INDEX(할일표[진행률],SMALL(IF((할일표[날짜]=N$37)*(할일표[업무]<>""),ROW(할일표[날짜])-피벗!$T$11),8))),"")} | R45: {=IFERROR(IF(COUNTIFS(할일표[날짜],R$37,할일표[업무],"<>")<8,"",INDEX(구분표[아이콘],MATCH(INDEX(할일표[구분],SMALL(IF((할일표[날짜]=R$37)*(할일표[업무]<>""),ROW(할일표[구분])-ROW(INDEX(할일표[구분],1))+1),8)),구분표[구분],0))),"")} | S45: {=IFERROR(IF(COUNTIFS(할일표[날짜],R$37,할일표[업무],"<>")<8,"",INDEX(할일표[표시],SMALL(IF((할일표[날짜]=R$37)*(할일표[업무]<>""),ROW(할일표[표시])-ROW(INDEX(할일표[표시],1))+1),8))),"")} | T45: {=IFERROR(IF(COUNTIFS(할일표[날짜],R$37,할일표[업무],"<>")<8,"",INDEX(할일표[업무],SMALL(IF((할일표[날짜]=R$37)*(할일표[업무]<>""),ROW(할일표[날짜])-피벗!$T$11),8))),"")} | U45: {=IFERROR(IF(COUNTIFS(할일표[날짜],R$37,할일표[업무],"<>")<8,"",INDEX(할일표[진행률],SMALL(IF((할일표[날짜]=R$37)*(할일표[업무]<>""),ROW(할일표[날짜])-피벗!$T$11),8))),"")} | V45: {=IFERROR(IF(COUNTIFS(할일표[날짜],V$37,할일표[업무],"<>")<8,"",INDEX(구분표[아이콘],MATCH(INDEX(할일표[구분],SMALL(IF((할일표[날짜]=V$37)*(할일표[업무]<>""),ROW(할일표[구분])-ROW(INDEX(할일표[구분],1))+1),8)),구분표[구분],0))),"")} | W45: {=IFERROR(IF(COUNTIFS(할일표[날짜],V$37,할일표[업무],"<>")<8,"",INDEX(할일표[표시],SMALL(IF((할일표[날짜]=V$37)*(할일표[업무]<>""),ROW(할일표[표시])-ROW(INDEX(할일표[표시],1))+1),8))),"")} | X45: {=IFERROR(IF(COUNTIFS(할일표[날짜],V$37,할일표[업무],"<>")<8,"",INDEX(할일표[업무],SMALL(IF((할일표[날짜]=V$37)*(할일표[업무]<>""),ROW(할일표[날짜])-피벗!$T$11),8))),"")} | Y45: {=IFERROR(IF(COUNTIFS(할일표[날짜],V$37,할일표[업무],"<>")<8,"",INDEX(할일표[진행률],SMALL(IF((할일표[날짜]=V$37)*(할일표[업무]<>""),ROW(할일표[날짜])-피벗!$T$11),8))),"")} | Z45: {=IFERROR(IF(COUNTIFS(할일표[날짜],Z$37,할일표[업무],"<>")<8,"",INDEX(구분표[아이콘],MATCH(INDEX(할일표[구분],SMALL(IF((할일표[날짜]=Z$37)*(할일표[업무]<>""),ROW(할일표[구분])-ROW(INDEX(할일표[구분],1))+1),8)),구분표[구분],0))),"")} | AA45: {=IFERROR(IF(COUNTIFS(할일표[날짜],Z$37,할일표[업무],"<>")<8,"",INDEX(할일표[표시],SMALL(IF((할일표[날짜]=Z$37)*(할일표[업무]<>""),ROW(할일표[표시])-ROW(INDEX(할일표[표시],1))+1),8))),"")} | AB45: {=IFERROR(IF(COUNTIFS(할일표[날짜],Z$37,할일표[업무],"<>")<8,"",INDEX(할일표[업무],SMALL(IF((할일표[날짜]=Z$37)*(할일표[업무]<>""),ROW(할일표[날짜])-피벗!$T$11),8))),"")} | AC45: {=IFERROR(IF(COUNTIFS(할일표[날짜],Z$37,할일표[업무],"<>")<8,"",INDEX(할일표[진행률],SMALL(IF((할일표[날짜]=Z$37)*(할일표[업무]<>""),ROW(할일표[날짜])-피벗!$T$11),8))),"")}
B47: =Z37+1 -> 46292 | F47: =B47+1 -> 46293 | J47: =F47+1 -> 46294 | N47: =J47+1 -> 46295 | R47: =N47+1 -> 46296 | V47: =R47+1 -> 46297 | Z47: =V47+1 -> 46298
B48: {=IFERROR(IF(COUNTIFS(할일표[날짜],B$47,할일표[업무],"<>")<1,"",INDEX(구분표[아이콘],MATCH(INDEX(할일표[구분],SMALL(IF((할일표[날짜]=B$47)*(할일표[업무]<>""),ROW(할일표[구분])-ROW(INDEX(할일표[구분],1))+1),1)),구분표[구분],0))),"")} | C48: {=IFERROR(IF(COUNTIFS(할일표[날짜],B$47,할일표[업무],"<>")<1,"",INDEX(할일표[표시],SMALL(IF((할일표[날짜]=B$47)*(할일표[업무]<>""),ROW(할일표[표시])-ROW(INDEX(할일표[표시],1))+1),1))),"")} | D48: {=IFERROR(IF(COUNTIFS(할일표[날짜],B$47,할일표[업무],"<>")<1,"",INDEX(할일표[업무],SMALL(IF((할일표[날짜]=B$47)*(할일표[업무]<>""),ROW(할일표[날짜])-피벗!$T$11),1))),"")} | E48: {=IFERROR(IF(COUNTIFS(할일표[날짜],B$47,할일표[업무],"<>")<1,"",INDEX(할일표[진행률],SMALL(IF((할일표[날짜]=B$47)*(할일표[업무]<>""),ROW(할일표[날짜])-피벗!$T$11),1))),"")} | F48: {=IFERROR(IF(COUNTIFS(할일표[날짜],F$47,할일표[업무],"<>")<1,"",INDEX(구분표[아이콘],MATCH(INDEX(할일표[구분],SMALL(IF((할일표[날짜]=F$47)*(할일표[업무]<>""),ROW(할일표[구분])-ROW(INDEX(할일표[구분],1))+1),1)),구분표[구분],0))),"")} | G48: {=IFERROR(IF(COUNTIFS(할일표[날짜],F$47,할일표[업무],"<>")<1,"",INDEX(할일표[표시],SMALL(IF((할일표[날짜]=F$47)*(할일표[업무]<>""),ROW(할일표[표시])-ROW(INDEX(할일표[표시],1))+1),1))),"")} | H48: {=IFERROR(IF(COUNTIFS(할일표[날짜],F$47,할일표[업무],"<>")<1,"",INDEX(할일표[업무],SMALL(IF((할일표[날짜]=F$47)*(할일표[업무]<>""),ROW(할일표[날짜])-피벗!$T$11),1))),"")} | I48: {=IFERROR(IF(COUNTIFS(할일표[날짜],F$47,할일표[업무],"<>")<1,"",INDEX(할일표[진행률],SMALL(IF((할일표[날짜]=F$47)*(할일표[업무]<>""),ROW(할일표[날짜])-피벗!$T$11),1))),"")} | J48: {=IFERROR(IF(COUNTIFS(할일표[날짜],J$47,할일표[업무],"<>")<1,"",INDEX(구분표[아이콘],MATCH(INDEX(할일표[구분],SMALL(IF((할일표[날짜]=J$47)*(할일표[업무]<>""),ROW(할일표[구분])-ROW(INDEX(할일표[구분],1))+1),1)),구분표[구분],0))),"")} | K48: {=IFERROR(IF(COUNTIFS(할일표[날짜],J$47,할일표[업무],"<>")<1,"",INDEX(할일표[표시],SMALL(IF((할일표[날짜]=J$47)*(할일표[업무]<>""),ROW(할일표[표시])-ROW(INDEX(할일표[표시],1))+1),1))),"")} | L48: {=IFERROR(IF(COUNTIFS(할일표[날짜],J$47,할일표[업무],"<>")<1,"",INDEX(할일표[업무],SMALL(IF((할일표[날짜]=J$47)*(할일표[업무]<>""),ROW(할일표[날짜])-피벗!$T$11),1))),"")} | M48: {=IFERROR(IF(COUNTIFS(할일표[날짜],J$47,할일표[업무],"<>")<1,"",INDEX(할일표[진행률],SMALL(IF((할일표[날짜]=J$47)*(할일표[업무]<>""),ROW(할일표[날짜])-피벗!$T$11),1))),"")} | N48: {=IFERROR(IF(COUNTIFS(할일표[날짜],N$47,할일표[업무],"<>")<1,"",INDEX(구분표[아이콘],MATCH(INDEX(할일표[구분],SMALL(IF((할일표[날짜]=N$47)*(할일표[업무]<>""),ROW(할일표[구분])-ROW(INDEX(할일표[구분],1))+1),1)),구분표[구분],0))),"")} | O48: {=IFERROR(IF(COUNTIFS(할일표[날짜],N$47,할일표[업무],"<>")<1,"",INDEX(할일표[표시],SMALL(IF((할일표[날짜]=N$47)*(할일표[업무]<>""),ROW(할일표[표시])-ROW(INDEX(할일표[표시],1))+1),1))),"")} | P48: {=IFERROR(IF(COUNTIFS(할일표[날짜],N$47,할일표[업무],"<>")<1,"",INDEX(할일표[업무],SMALL(IF((할일표[날짜]=N$47)*(할일표[업무]<>""),ROW(할일표[날짜])-피벗!$T$11),1))),"")} | Q48: {=IFERROR(IF(COUNTIFS(할일표[날짜],N$47,할일표[업무],"<>")<1,"",INDEX(할일표[진행률],SMALL(IF((할일표[날짜]=N$47)*(할일표[업무]<>""),ROW(할일표[날짜])-피벗!$T$11),1))),"")} | R48: {=IFERROR(IF(COUNTIFS(할일표[날짜],R$47,할일표[업무],"<>")<1,"",INDEX(구분표[아이콘],MATCH(INDEX(할일표[구분],SMALL(IF((할일표[날짜]=R$47)*(할일표[업무]<>""),ROW(할일표[구분])-ROW(INDEX(할일표[구분],1))+1),1)),구분표[구분],0))),"")} | S48: {=IFERROR(IF(COUNTIFS(할일표[날짜],R$47,할일표[업무],"<>")<1,"",INDEX(할일표[표시],SMALL(IF((할일표[날짜]=R$47)*(할일표[업무]<>""),ROW(할일표[표시])-ROW(INDEX(할일표[표시],1))+1),1))),"")} | T48: {=IFERROR(IF(COUNTIFS(할일표[날짜],R$47,할일표[업무],"<>")<1,"",INDEX(할일표[업무],SMALL(IF((할일표[날짜]=R$47)*(할일표[업무]<>""),ROW(할일표[날짜])-피벗!$T$11),1))),"")} | U48: {=IFERROR(IF(COUNTIFS(할일표[날짜],R$47,할일표[업무],"<>")<1,"",INDEX(할일표[진행률],SMALL(IF((할일표[날짜]=R$47)*(할일표[업무]<>""),ROW(할일표[날짜])-피벗!$T$11),1))),"")} | V48: {=IFERROR(IF(COUNTIFS(할일표[날짜],V$47,할일표[업무],"<>")<1,"",INDEX(구분표[아이콘],MATCH(INDEX(할일표[구분],SMALL(IF((할일표[날짜]=V$47)*(할일표[업무]<>""),ROW(할일표[구분])-ROW(INDEX(할일표[구분],1))+1),1)),구분표[구분],0))),"")} | W48: {=IFERROR(IF(COUNTIFS(할일표[날짜],V$47,할일표[업무],"<>")<1,"",INDEX(할일표[표시],SMALL(IF((할일표[날짜]=V$47)*(할일표[업무]<>""),ROW(할일표[표시])-ROW(INDEX(할일표[표시],1))+1),1))),"")} | X48: {=IFERROR(IF(COUNTIFS(할일표[날짜],V$47,할일표[업무],"<>")<1,"",INDEX(할일표[업무],SMALL(IF((할일표[날짜]=V$47)*(할일표[업무]<>""),ROW(할일표[날짜])-피벗!$T$11),1))),"")} | Y48: {=IFERROR(IF(COUNTIFS(할일표[날짜],V$47,할일표[업무],"<>")<1,"",INDEX(할일표[진행률],SMALL(IF((할일표[날짜]=V$47)*(할일표[업무]<>""),ROW(할일표[날짜])-피벗!$T$11),1))),"")} | Z48: {=IFERROR(IF(COUNTIFS(할일표[날짜],Z$47,할일표[업무],"<>")<1,"",INDEX(구분표[아이콘],MATCH(INDEX(할일표[구분],SMALL(IF((할일표[날짜]=Z$47)*(할일표[업무]<>""),ROW(할일표[구분])-ROW(INDEX(할일표[구분],1))+1),1)),구분표[구분],0))),"")} | AA48: {=IFERROR(IF(COUNTIFS(할일표[날짜],Z$47,할일표[업무],"<>")<1,"",INDEX(할일표[표시],SMALL(IF((할일표[날짜]=Z$47)*(할일표[업무]<>""),ROW(할일표[표시])-ROW(INDEX(할일표[표시],1))+1),1))),"")} | AB48: {=IFERROR(IF(COUNTIFS(할일표[날짜],Z$47,할일표[업무],"<>")<1,"",INDEX(할일표[업무],SMALL(IF((할일표[날짜]=Z$47)*(할일표[업무]<>""),ROW(할일표[날짜])-피벗!$T$11),1))),"")} | AC48: {=IFERROR(IF(COUNTIFS(할일표[날짜],Z$47,할일표[업무],"<>")<1,"",INDEX(할일표[진행률],SMALL(IF((할일표[날짜]=Z$47)*(할일표[업무]<>""),ROW(할일표[날짜])-피벗!$T$11),1))),"")}
B49: {=IFERROR(IF(COUNTIFS(할일표[날짜],B$47,할일표[업무],"<>")<2,"",INDEX(구분표[아이콘],MATCH(INDEX(할일표[구분],SMALL(IF((할일표[날짜]=B$47)*(할일표[업무]<>""),ROW(할일표[구분])-ROW(INDEX(할일표[구분],1))+1),2)),구분표[구분],0))),"")} | C49: {=IFERROR(IF(COUNTIFS(할일표[날짜],B$47,할일표[업무],"<>")<2,"",INDEX(할일표[표시],SMALL(IF((할일표[날짜]=B$47)*(할일표[업무]<>""),ROW(할일표[표시])-ROW(INDEX(할일표[표시],1))+1),2))),"")} | D49: {=IFERROR(IF(COUNTIFS(할일표[날짜],B$47,할일표[업무],"<>")<2,"",INDEX(할일표[업무],SMALL(IF((할일표[날짜]=B$47)*(할일표[업무]<>""),ROW(할일표[날짜])-피벗!$T$11),2))),"")} | E49: {=IFERROR(IF(COUNTIFS(할일표[날짜],B$47,할일표[업무],"<>")<2,"",INDEX(할일표[진행률],SMALL(IF((할일표[날짜]=B$47)*(할일표[업무]<>""),ROW(할일표[날짜])-피벗!$T$11),2))),"")} | F49: {=IFERROR(IF(COUNTIFS(할일표[날짜],F$47,할일표[업무],"<>")<2,"",INDEX(구분표[아이콘],MATCH(INDEX(할일표[구분],SMALL(IF((할일표[날짜]=F$47)*(할일표[업무]<>""),ROW(할일표[구분])-ROW(INDEX(할일표[구분],1))+1),2)),구분표[구분],0))),"")} | G49: {=IFERROR(IF(COUNTIFS(할일표[날짜],F$47,할일표[업무],"<>")<2,"",INDEX(할일표[표시],SMALL(IF((할일표[날짜]=F$47)*(할일표[업무]<>""),ROW(할일표[표시])-ROW(INDEX(할일표[표시],1))+1),2))),"")} | H49: {=IFERROR(IF(COUNTIFS(할일표[날짜],F$47,할일표[업무],"<>")<2,"",INDEX(할일표[업무],SMALL(IF((할일표[날짜]=F$47)*(할일표[업무]<>""),ROW(할일표[날짜])-피벗!$T$11),2))),"")} | I49: {=IFERROR(IF(COUNTIFS(할일표[날짜],F$47,할일표[업무],"<>")<2,"",INDEX(할일표[진행률],SMALL(IF((할일표[날짜]=F$47)*(할일표[업무]<>""),ROW(할일표[날짜])-피벗!$T$11),2))),"")} | J49: {=IFERROR(IF(COUNTIFS(할일표[날짜],J$47,할일표[업무],"<>")<2,"",INDEX(구분표[아이콘],MATCH(INDEX(할일표[구분],SMALL(IF((할일표[날짜]=J$47)*(할일표[업무]<>""),ROW(할일표[구분])-ROW(INDEX(할일표[구분],1))+1),2)),구분표[구분],0))),"")} | K49: {=IFERROR(IF(COUNTIFS(할일표[날짜],J$47,할일표[업무],"<>")<2,"",INDEX(할일표[표시],SMALL(IF((할일표[날짜]=J$47)*(할일표[업무]<>""),ROW(할일표[표시])-ROW(INDEX(할일표[표시],1))+1),2))),"")} | L49: {=IFERROR(IF(COUNTIFS(할일표[날짜],J$47,할일표[업무],"<>")<2,"",INDEX(할일표[업무],SMALL(IF((할일표[날짜]=J$47)*(할일표[업무]<>""),ROW(할일표[날짜])-피벗!$T$11),2))),"")} | M49: {=IFERROR(IF(COUNTIFS(할일표[날짜],J$47,할일표[업무],"<>")<2,"",INDEX(할일표[진행률],SMALL(IF((할일표[날짜]=J$47)*(할일표[업무]<>""),ROW(할일표[날짜])-피벗!$T$11),2))),"")} | N49: {=IFERROR(IF(COUNTIFS(할일표[날짜],N$47,할일표[업무],"<>")<2,"",INDEX(구분표[아이콘],MATCH(INDEX(할일표[구분],SMALL(IF((할일표[날짜]=N$47)*(할일표[업무]<>""),ROW(할일표[구분])-ROW(INDEX(할일표[구분],1))+1),2)),구분표[구분],0))),"")} | O49: {=IFERROR(IF(COUNTIFS(할일표[날짜],N$47,할일표[업무],"<>")<2,"",INDEX(할일표[표시],SMALL(IF((할일표[날짜]=N$47)*(할일표[업무]<>""),ROW(할일표[표시])-ROW(INDEX(할일표[표시],1))+1),2))),"")} | P49: {=IFERROR(IF(COUNTIFS(할일표[날짜],N$47,할일표[업무],"<>")<2,"",INDEX(할일표[업무],SMALL(IF((할일표[날짜]=N$47)*(할일표[업무]<>""),ROW(할일표[날짜])-피벗!$T$11),2))),"")} | Q49: {=IFERROR(IF(COUNTIFS(할일표[날짜],N$47,할일표[업무],"<>")<2,"",INDEX(할일표[진행률],SMALL(IF((할일표[날짜]=N$47)*(할일표[업무]<>""),ROW(할일표[날짜])-피벗!$T$11),2))),"")} | R49: {=IFERROR(IF(COUNTIFS(할일표[날짜],R$47,할일표[업무],"<>")<2,"",INDEX(구분표[아이콘],MATCH(INDEX(할일표[구분],SMALL(IF((할일표[날짜]=R$47)*(할일표[업무]<>""),ROW(할일표[구분])-ROW(INDEX(할일표[구분],1))+1),2)),구분표[구분],0))),"")} | S49: {=IFERROR(IF(COUNTIFS(할일표[날짜],R$47,할일표[업무],"<>")<2,"",INDEX(할일표[표시],SMALL(IF((할일표[날짜]=R$47)*(할일표[업무]<>""),ROW(할일표[표시])-ROW(INDEX(할일표[표시],1))+1),2))),"")} | T49: {=IFERROR(IF(COUNTIFS(할일표[날짜],R$47,할일표[업무],"<>")<2,"",INDEX(할일표[업무],SMALL(IF((할일표[날짜]=R$47)*(할일표[업무]<>""),ROW(할일표[날짜])-피벗!$T$11),2))),"")} | U49: {=IFERROR(IF(COUNTIFS(할일표[날짜],R$47,할일표[업무],"<>")<2,"",INDEX(할일표[진행률],SMALL(IF((할일표[날짜]=R$47)*(할일표[업무]<>""),ROW(할일표[날짜])-피벗!$T$11),2))),"")} | V49: {=IFERROR(IF(COUNTIFS(할일표[날짜],V$47,할일표[업무],"<>")<2,"",INDEX(구분표[아이콘],MATCH(INDEX(할일표[구분],SMALL(IF((할일표[날짜]=V$47)*(할일표[업무]<>""),ROW(할일표[구분])-ROW(INDEX(할일표[구분],1))+1),2)),구분표[구분],0))),"")} | W49: {=IFERROR(IF(COUNTIFS(할일표[날짜],V$47,할일표[업무],"<>")<2,"",INDEX(할일표[표시],SMALL(IF((할일표[날짜]=V$47)*(할일표[업무]<>""),ROW(할일표[표시])-ROW(INDEX(할일표[표시],1))+1),2))),"")} | X49: {=IFERROR(IF(COUNTIFS(할일표[날짜],V$47,할일표[업무],"<>")<2,"",INDEX(할일표[업무],SMALL(IF((할일표[날짜]=V$47)*(할일표[업무]<>""),ROW(할일표[날짜])-피벗!$T$11),2))),"")} | Y49: {=IFERROR(IF(COUNTIFS(할일표[날짜],V$47,할일표[업무],"<>")<2,"",INDEX(할일표[진행률],SMALL(IF((할일표[날짜]=V$47)*(할일표[업무]<>""),ROW(할일표[날짜])-피벗!$T$11),2))),"")} | Z49: {=IFERROR(IF(COUNTIFS(할일표[날짜],Z$47,할일표[업무],"<>")<2,"",INDEX(구분표[아이콘],MATCH(INDEX(할일표[구분],SMALL(IF((할일표[날짜]=Z$47)*(할일표[업무]<>""),ROW(할일표[구분])-ROW(INDEX(할일표[구분],1))+1),2)),구분표[구분],0))),"")} | AA49: {=IFERROR(IF(COUNTIFS(할일표[날짜],Z$47,할일표[업무],"<>")<2,"",INDEX(할일표[표시],SMALL(IF((할일표[날짜]=Z$47)*(할일표[업무]<>""),ROW(할일표[표시])-ROW(INDEX(할일표[표시],1))+1),2))),"")} | AB49: {=IFERROR(IF(COUNTIFS(할일표[날짜],Z$47,할일표[업무],"<>")<2,"",INDEX(할일표[업무],SMALL(IF((할일표[날짜]=Z$47)*(할일표[업무]<>""),ROW(할일표[날짜])-피벗!$T$11),2))),"")} | AC49: {=IFERROR(IF(COUNTIFS(할일표[날짜],Z$47,할일표[업무],"<>")<2,"",INDEX(할일표[진행률],SMALL(IF((할일표[날짜]=Z$47)*(할일표[업무]<>""),ROW(할일표[날짜])-피벗!$T$11),2))),"")}
B50: {=IFERROR(IF(COUNTIFS(할일표[날짜],B$47,할일표[업무],"<>")<3,"",INDEX(구분표[아이콘],MATCH(INDEX(할일표[구분],SMALL(IF((할일표[날짜]=B$47)*(할일표[업무]<>""),ROW(할일표[구분])-ROW(INDEX(할일표[구분],1))+1),3)),구분표[구분],0))),"")} | C50: {=IFERROR(IF(COUNTIFS(할일표[날짜],B$47,할일표[업무],"<>")<3,"",INDEX(할일표[표시],SMALL(IF((할일표[날짜]=B$47)*(할일표[업무]<>""),ROW(할일표[표시])-ROW(INDEX(할일표[표시],1))+1),3))),"")} | D50: {=IFERROR(IF(COUNTIFS(할일표[날짜],B$47,할일표[업무],"<>")<3,"",INDEX(할일표[업무],SMALL(IF((할일표[날짜]=B$47)*(할일표[업무]<>""),ROW(할일표[날짜])-피벗!$T$11),3))),"")} | E50: {=IFERROR(IF(COUNTIFS(할일표[날짜],B$47,할일표[업무],"<>")<3,"",INDEX(할일표[진행률],SMALL(IF((할일표[날짜]=B$47)*(할일표[업무]<>""),ROW(할일표[날짜])-피벗!$T$11),3))),"")} | F50: {=IFERROR(IF(COUNTIFS(할일표[날짜],F$47,할일표[업무],"<>")<3,"",INDEX(구분표[아이콘],MATCH(INDEX(할일표[구분],SMALL(IF((할일표[날짜]=F$47)*(할일표[업무]<>""),ROW(할일표[구분])-ROW(INDEX(할일표[구분],1))+1),3)),구분표[구분],0))),"")} | G50: {=IFERROR(IF(COUNTIFS(할일표[날짜],F$47,할일표[업무],"<>")<3,"",INDEX(할일표[표시],SMALL(IF((할일표[날짜]=F$47)*(할일표[업무]<>""),ROW(할일표[표시])-ROW(INDEX(할일표[표시],1))+1),3))),"")} | H50: {=IFERROR(IF(COUNTIFS(할일표[날짜],F$47,할일표[업무],"<>")<3,"",INDEX(할일표[업무],SMALL(IF((할일표[날짜]=F$47)*(할일표[업무]<>""),ROW(할일표[날짜])-피벗!$T$11),3))),"")} | I50: {=IFERROR(IF(COUNTIFS(할일표[날짜],F$47,할일표[업무],"<>")<3,"",INDEX(할일표[진행률],SMALL(IF((할일표[날짜]=F$47)*(할일표[업무]<>""),ROW(할일표[날짜])-피벗!$T$11),3))),"")} | J50: {=IFERROR(IF(COUNTIFS(할일표[날짜],J$47,할일표[업무],"<>")<3,"",INDEX(구분표[아이콘],MATCH(INDEX(할일표[구분],SMALL(IF((할일표[날짜]=J$47)*(할일표[업무]<>""),ROW(할일표[구분])-ROW(INDEX(할일표[구분],1))+1),3)),구분표[구분],0))),"")} | K50: {=IFERROR(IF(COUNTIFS(할일표[날짜],J$47,할일표[업무],"<>")<3,"",INDEX(할일표[표시],SMALL(IF((할일표[날짜]=J$47)*(할일표[업무]<>""),ROW(할일표[표시])-ROW(INDEX(할일표[표시],1))+1),3))),"")} | L50: {=IFERROR(IF(COUNTIFS(할일표[날짜],J$47,할일표[업무],"<>")<3,"",INDEX(할일표[업무],SMALL(IF((할일표[날짜]=J$47)*(할일표[업무]<>""),ROW(할일표[날짜])-피벗!$T$11),3))),"")} | M50: {=IFERROR(IF(COUNTIFS(할일표[날짜],J$47,할일표[업무],"<>")<3,"",INDEX(할일표[진행률],SMALL(IF((할일표[날짜]=J$47)*(할일표[업무]<>""),ROW(할일표[날짜])-피벗!$T$11),3))),"")} | N50: {=IFERROR(IF(COUNTIFS(할일표[날짜],N$47,할일표[업무],"<>")<3,"",INDEX(구분표[아이콘],MATCH(INDEX(할일표[구분],SMALL(IF((할일표[날짜]=N$47)*(할일표[업무]<>""),ROW(할일표[구분])-ROW(INDEX(할일표[구분],1))+1),3)),구분표[구분],0))),"")} | O50: {=IFERROR(IF(COUNTIFS(할일표[날짜],N$47,할일표[업무],"<>")<3,"",INDEX(할일표[표시],SMALL(IF((할일표[날짜]=N$47)*(할일표[업무]<>""),ROW(할일표[표시])-ROW(INDEX(할일표[표시],1))+1),3))),"")} | P50: {=IFERROR(IF(COUNTIFS(할일표[날짜],N$47,할일표[업무],"<>")<3,"",INDEX(할일표[업무],SMALL(IF((할일표[날짜]=N$47)*(할일표[업무]<>""),ROW(할일표[날짜])-피벗!$T$11),3))),"")} | Q50: {=IFERROR(IF(COUNTIFS(할일표[날짜],N$47,할일표[업무],"<>")<3,"",INDEX(할일표[진행률],SMALL(IF((할일표[날짜]=N$47)*(할일표[업무]<>""),ROW(할일표[날짜])-피벗!$T$11),3))),"")} | R50: {=IFERROR(IF(COUNTIFS(할일표[날짜],R$47,할일표[업무],"<>")<3,"",INDEX(구분표[아이콘],MATCH(INDEX(할일표[구분],SMALL(IF((할일표[날짜]=R$47)*(할일표[업무]<>""),ROW(할일표[구분])-ROW(INDEX(할일표[구분],1))+1),3)),구분표[구분],0))),"")} | S50: {=IFERROR(IF(COUNTIFS(할일표[날짜],R$47,할일표[업무],"<>")<3,"",INDEX(할일표[표시],SMALL(IF((할일표[날짜]=R$47)*(할일표[업무]<>""),ROW(할일표[표시])-ROW(INDEX(할일표[표시],1))+1),3))),"")} | T50: {=IFERROR(IF(COUNTIFS(할일표[날짜],R$47,할일표[업무],"<>")<3,"",INDEX(할일표[업무],SMALL(IF((할일표[날짜]=R$47)*(할일표[업무]<>""),ROW(할일표[날짜])-피벗!$T$11),3))),"")} | U50: {=IFERROR(IF(COUNTIFS(할일표[날짜],R$47,할일표[업무],"<>")<3,"",INDEX(할일표[진행률],SMALL(IF((할일표[날짜]=R$47)*(할일표[업무]<>""),ROW(할일표[날짜])-피벗!$T$11),3))),"")} | V50: {=IFERROR(IF(COUNTIFS(할일표[날짜],V$47,할일표[업무],"<>")<3,"",INDEX(구분표[아이콘],MATCH(INDEX(할일표[구분],SMALL(IF((할일표[날짜]=V$47)*(할일표[업무]<>""),ROW(할일표[구분])-ROW(INDEX(할일표[구분],1))+1),3)),구분표[구분],0))),"")} | W50: {=IFERROR(IF(COUNTIFS(할일표[날짜],V$47,할일표[업무],"<>")<3,"",INDEX(할일표[표시],SMALL(IF((할일표[날짜]=V$47)*(할일표[업무]<>""),ROW(할일표[표시])-ROW(INDEX(할일표[표시],1))+1),3))),"")} | X50: {=IFERROR(IF(COUNTIFS(할일표[날짜],V$47,할일표[업무],"<>")<3,"",INDEX(할일표[업무],SMALL(IF((할일표[날짜]=V$47)*(할일표[업무]<>""),ROW(할일표[날짜])-피벗!$T$11),3))),"")} | Y50: {=IFERROR(IF(COUNTIFS(할일표[날짜],V$47,할일표[업무],"<>")<3,"",INDEX(할일표[진행률],SMALL(IF((할일표[날짜]=V$47)*(할일표[업무]<>""),ROW(할일표[날짜])-피벗!$T$11),3))),"")} | Z50: {=IFERROR(IF(COUNTIFS(할일표[날짜],Z$47,할일표[업무],"<>")<3,"",INDEX(구분표[아이콘],MATCH(INDEX(할일표[구분],SMALL(IF((할일표[날짜]=Z$47)*(할일표[업무]<>""),ROW(할일표[구분])-ROW(INDEX(할일표[구분],1))+1),3)),구분표[구분],0))),"")} | AA50: {=IFERROR(IF(COUNTIFS(할일표[날짜],Z$47,할일표[업무],"<>")<3,"",INDEX(할일표[표시],SMALL(IF((할일표[날짜]=Z$47)*(할일표[업무]<>""),ROW(할일표[표시])-ROW(INDEX(할일표[표시],1))+1),3))),"")} | AB50: {=IFERROR(IF(COUNTIFS(할일표[날짜],Z$47,할일표[업무],"<>")<3,"",INDEX(할일표[업무],SMALL(IF((할일표[날짜]=Z$47)*(할일표[업무]<>""),ROW(할일표[날짜])-피벗!$T$11),3))),"")} | AC50: {=IFERROR(IF(COUNTIFS(할일표[날짜],Z$47,할일표[업무],"<>")<3,"",INDEX(할일표[진행률],SMALL(IF((할일표[날짜]=Z$47)*(할일표[업무]<>""),ROW(할일표[날짜])-피벗!$T$11),3))),"")}
B51: {=IFERROR(IF(COUNTIFS(할일표[날짜],B$47,할일표[업무],"<>")<4,"",INDEX(구분표[아이콘],MATCH(INDEX(할일표[구분],SMALL(IF((할일표[날짜]=B$47)*(할일표[업무]<>""),ROW(할일표[구분])-ROW(INDEX(할일표[구분],1))+1),4)),구분표[구분],0))),"")} | C51: {=IFERROR(IF(COUNTIFS(할일표[날짜],B$47,할일표[업무],"<>")<4,"",INDEX(할일표[표시],SMALL(IF((할일표[날짜]=B$47)*(할일표[업무]<>""),ROW(할일표[표시])-ROW(INDEX(할일표[표시],1))+1),4))),"")} | D51: {=IFERROR(IF(COUNTIFS(할일표[날짜],B$47,할일표[업무],"<>")<4,"",INDEX(할일표[업무],SMALL(IF((할일표[날짜]=B$47)*(할일표[업무]<>""),ROW(할일표[날짜])-피벗!$T$11),4))),"")} | E51: {=IFERROR(IF(COUNTIFS(할일표[날짜],B$47,할일표[업무],"<>")<4,"",INDEX(할일표[진행률],SMALL(IF((할일표[날짜]=B$47)*(할일표[업무]<>""),ROW(할일표[날짜])-피벗!$T$11),4))),"")} | F51: {=IFERROR(IF(COUNTIFS(할일표[날짜],F$47,할일표[업무],"<>")<4,"",INDEX(구분표[아이콘],MATCH(INDEX(할일표[구분],SMALL(IF((할일표[날짜]=F$47)*(할일표[업무]<>""),ROW(할일표[구분])-ROW(INDEX(할일표[구분],1))+1),4)),구분표[구분],0))),"")} | G51: {=IFERROR(IF(COUNTIFS(할일표[날짜],F$47,할일표[업무],"<>")<4,"",INDEX(할일표[표시],SMALL(IF((할일표[날짜]=F$47)*(할일표[업무]<>""),ROW(할일표[표시])-ROW(INDEX(할일표[표시],1))+1),4))),"")} | H51: {=IFERROR(IF(COUNTIFS(할일표[날짜],F$47,할일표[업무],"<>")<4,"",INDEX(할일표[업무],SMALL(IF((할일표[날짜]=F$47)*(할일표[업무]<>""),ROW(할일표[날짜])-피벗!$T$11),4))),"")} | I51: {=IFERROR(IF(COUNTIFS(할일표[날짜],F$47,할일표[업무],"<>")<4,"",INDEX(할일표[진행률],SMALL(IF((할일표[날짜]=F$47)*(할일표[업무]<>""),ROW(할일표[날짜])-피벗!$T$11),4))),"")} | J51: {=IFERROR(IF(COUNTIFS(할일표[날짜],J$47,할일표[업무],"<>")<4,"",INDEX(구분표[아이콘],MATCH(INDEX(할일표[구분],SMALL(IF((할일표[날짜]=J$47)*(할일표[업무]<>""),ROW(할일표[구분])-ROW(INDEX(할일표[구분],1))+1),4)),구분표[구분],0))),"")} | K51: {=IFERROR(IF(COUNTIFS(할일표[날짜],J$47,할일표[업무],"<>")<4,"",INDEX(할일표[표시],SMALL(IF((할일표[날짜]=J$47)*(할일표[업무]<>""),ROW(할일표[표시])-ROW(INDEX(할일표[표시],1))+1),4))),"")} | L51: {=IFERROR(IF(COUNTIFS(할일표[날짜],J$47,할일표[업무],"<>")<4,"",INDEX(할일표[업무],SMALL(IF((할일표[날짜]=J$47)*(할일표[업무]<>""),ROW(할일표[날짜])-피벗!$T$11),4))),"")} | M51: {=IFERROR(IF(COUNTIFS(할일표[날짜],J$47,할일표[업무],"<>")<4,"",INDEX(할일표[진행률],SMALL(IF((할일표[날짜]=J$47)*(할일표[업무]<>""),ROW(할일표[날짜])-피벗!$T$11),4))),"")} | N51: {=IFERROR(IF(COUNTIFS(할일표[날짜],N$47,할일표[업무],"<>")<4,"",INDEX(구분표[아이콘],MATCH(INDEX(할일표[구분],SMALL(IF((할일표[날짜]=N$47)*(할일표[업무]<>""),ROW(할일표[구분])-ROW(INDEX(할일표[구분],1))+1),4)),구분표[구분],0))),"")} | O51: {=IFERROR(IF(COUNTIFS(할일표[날짜],N$47,할일표[업무],"<>")<4,"",INDEX(할일표[표시],SMALL(IF((할일표[날짜]=N$47)*(할일표[업무]<>""),ROW(할일표[표시])-ROW(INDEX(할일표[표시],1))+1),4))),"")} | P51: {=IFERROR(IF(COUNTIFS(할일표[날짜],N$47,할일표[업무],"<>")<4,"",INDEX(할일표[업무],SMALL(IF((할일표[날짜]=N$47)*(할일표[업무]<>""),ROW(할일표[날짜])-피벗!$T$11),4))),"")} | Q51: {=IFERROR(IF(COUNTIFS(할일표[날짜],N$47,할일표[업무],"<>")<4,"",INDEX(할일표[진행률],SMALL(IF((할일표[날짜]=N$47)*(할일표[업무]<>""),ROW(할일표[날짜])-피벗!$T$11),4))),"")} | R51: {=IFERROR(IF(COUNTIFS(할일표[날짜],R$47,할일표[업무],"<>")<4,"",INDEX(구분표[아이콘],MATCH(INDEX(할일표[구분],SMALL(IF((할일표[날짜]=R$47)*(할일표[업무]<>""),ROW(할일표[구분])-ROW(INDEX(할일표[구분],1))+1),4)),구분표[구분],0))),"")} | S51: {=IFERROR(IF(COUNTIFS(할일표[날짜],R$47,할일표[업무],"<>")<4,"",INDEX(할일표[표시],SMALL(IF((할일표[날짜]=R$47)*(할일표[업무]<>""),ROW(할일표[표시])-ROW(INDEX(할일표[표시],1))+1),4))),"")} | T51: {=IFERROR(IF(COUNTIFS(할일표[날짜],R$47,할일표[업무],"<>")<4,"",INDEX(할일표[업무],SMALL(IF((할일표[날짜]=R$47)*(할일표[업무]<>""),ROW(할일표[날짜])-피벗!$T$11),4))),"")} | U51: {=IFERROR(IF(COUNTIFS(할일표[날짜],R$47,할일표[업무],"<>")<4,"",INDEX(할일표[진행률],SMALL(IF((할일표[날짜]=R$47)*(할일표[업무]<>""),ROW(할일표[날짜])-피벗!$T$11),4))),"")} | V51: {=IFERROR(IF(COUNTIFS(할일표[날짜],V$47,할일표[업무],"<>")<4,"",INDEX(구분표[아이콘],MATCH(INDEX(할일표[구분],SMALL(IF((할일표[날짜]=V$47)*(할일표[업무]<>""),ROW(할일표[구분])-ROW(INDEX(할일표[구분],1))+1),4)),구분표[구분],0))),"")} | W51: {=IFERROR(IF(COUNTIFS(할일표[날짜],V$47,할일표[업무],"<>")<4,"",INDEX(할일표[표시],SMALL(IF((할일표[날짜]=V$47)*(할일표[업무]<>""),ROW(할일표[표시])-ROW(INDEX(할일표[표시],1))+1),4))),"")} | X51: {=IFERROR(IF(COUNTIFS(할일표[날짜],V$47,할일표[업무],"<>")<4,"",INDEX(할일표[업무],SMALL(IF((할일표[날짜]=V$47)*(할일표[업무]<>""),ROW(할일표[날짜])-피벗!$T$11),4))),"")} | Y51: {=IFERROR(IF(COUNTIFS(할일표[날짜],V$47,할일표[업무],"<>")<4,"",INDEX(할일표[진행률],SMALL(IF((할일표[날짜]=V$47)*(할일표[업무]<>""),ROW(할일표[날짜])-피벗!$T$11),4))),"")} | Z51: {=IFERROR(IF(COUNTIFS(할일표[날짜],Z$47,할일표[업무],"<>")<4,"",INDEX(구분표[아이콘],MATCH(INDEX(할일표[구분],SMALL(IF((할일표[날짜]=Z$47)*(할일표[업무]<>""),ROW(할일표[구분])-ROW(INDEX(할일표[구분],1))+1),4)),구분표[구분],0))),"")} | AA51: {=IFERROR(IF(COUNTIFS(할일표[날짜],Z$47,할일표[업무],"<>")<4,"",INDEX(할일표[표시],SMALL(IF((할일표[날짜]=Z$47)*(할일표[업무]<>""),ROW(할일표[표시])-ROW(INDEX(할일표[표시],1))+1),4))),"")} | AB51: {=IFERROR(IF(COUNTIFS(할일표[날짜],Z$47,할일표[업무],"<>")<4,"",INDEX(할일표[업무],SMALL(IF((할일표[날짜]=Z$47)*(할일표[업무]<>""),ROW(할일표[날짜])-피벗!$T$11),4))),"")} | AC51: {=IFERROR(IF(COUNTIFS(할일표[날짜],Z$47,할일표[업무],"<>")<4,"",INDEX(할일표[진행률],SMALL(IF((할일표[날짜]=Z$47)*(할일표[업무]<>""),ROW(할일표[날짜])-피벗!$T$11),4))),"")}
B52: {=IFERROR(IF(COUNTIFS(할일표[날짜],B$47,할일표[업무],"<>")<5,"",INDEX(구분표[아이콘],MATCH(INDEX(할일표[구분],SMALL(IF((할일표[날짜]=B$47)*(할일표[업무]<>""),ROW(할일표[구분])-ROW(INDEX(할일표[구분],1))+1),5)),구분표[구분],0))),"")} | C52: {=IFERROR(IF(COUNTIFS(할일표[날짜],B$47,할일표[업무],"<>")<5,"",INDEX(할일표[표시],SMALL(IF((할일표[날짜]=B$47)*(할일표[업무]<>""),ROW(할일표[표시])-ROW(INDEX(할일표[표시],1))+1),5))),"")} | D52: {=IFERROR(IF(COUNTIFS(할일표[날짜],B$47,할일표[업무],"<>")<5,"",INDEX(할일표[업무],SMALL(IF((할일표[날짜]=B$47)*(할일표[업무]<>""),ROW(할일표[날짜])-피벗!$T$11),5))),"")} | E52: {=IFERROR(IF(COUNTIFS(할일표[날짜],B$47,할일표[업무],"<>")<5,"",INDEX(할일표[진행률],SMALL(IF((할일표[날짜]=B$47)*(할일표[업무]<>""),ROW(할일표[날짜])-피벗!$T$11),5))),"")} | F52: {=IFERROR(IF(COUNTIFS(할일표[날짜],F$47,할일표[업무],"<>")<5,"",INDEX(구분표[아이콘],MATCH(INDEX(할일표[구분],SMALL(IF((할일표[날짜]=F$47)*(할일표[업무]<>""),ROW(할일표[구분])-ROW(INDEX(할일표[구분],1))+1),5)),구분표[구분],0))),"")} | G52: {=IFERROR(IF(COUNTIFS(할일표[날짜],F$47,할일표[업무],"<>")<5,"",INDEX(할일표[표시],SMALL(IF((할일표[날짜]=F$47)*(할일표[업무]<>""),ROW(할일표[표시])-ROW(INDEX(할일표[표시],1))+1),5))),"")} | H52: {=IFERROR(IF(COUNTIFS(할일표[날짜],F$47,할일표[업무],"<>")<5,"",INDEX(할일표[업무],SMALL(IF((할일표[날짜]=F$47)*(할일표[업무]<>""),ROW(할일표[날짜])-피벗!$T$11),5))),"")} | I52: {=IFERROR(IF(COUNTIFS(할일표[날짜],F$47,할일표[업무],"<>")<5,"",INDEX(할일표[진행률],SMALL(IF((할일표[날짜]=F$47)*(할일표[업무]<>""),ROW(할일표[날짜])-피벗!$T$11),5))),"")} | J52: {=IFERROR(IF(COUNTIFS(할일표[날짜],J$47,할일표[업무],"<>")<5,"",INDEX(구분표[아이콘],MATCH(INDEX(할일표[구분],SMALL(IF((할일표[날짜]=J$47)*(할일표[업무]<>""),ROW(할일표[구분])-ROW(INDEX(할일표[구분],1))+1),5)),구분표[구분],0))),"")} | K52: {=IFERROR(IF(COUNTIFS(할일표[날짜],J$47,할일표[업무],"<>")<5,"",INDEX(할일표[표시],SMALL(IF((할일표[날짜]=J$47)*(할일표[업무]<>""),ROW(할일표[표시])-ROW(INDEX(할일표[표시],1))+1),5))),"")} | L52: {=IFERROR(IF(COUNTIFS(할일표[날짜],J$47,할일표[업무],"<>")<5,"",INDEX(할일표[업무],SMALL(IF((할일표[날짜]=J$47)*(할일표[업무]<>""),ROW(할일표[날짜])-피벗!$T$11),5))),"")} | M52: {=IFERROR(IF(COUNTIFS(할일표[날짜],J$47,할일표[업무],"<>")<5,"",INDEX(할일표[진행률],SMALL(IF((할일표[날짜]=J$47)*(할일표[업무]<>""),ROW(할일표[날짜])-피벗!$T$11),5))),"")} | N52: {=IFERROR(IF(COUNTIFS(할일표[날짜],N$47,할일표[업무],"<>")<5,"",INDEX(구분표[아이콘],MATCH(INDEX(할일표[구분],SMALL(IF((할일표[날짜]=N$47)*(할일표[업무]<>""),ROW(할일표[구분])-ROW(INDEX(할일표[구분],1))+1),5)),구분표[구분],0))),"")} | O52: {=IFERROR(IF(COUNTIFS(할일표[날짜],N$47,할일표[업무],"<>")<5,"",INDEX(할일표[표시],SMALL(IF((할일표[날짜]=N$47)*(할일표[업무]<>""),ROW(할일표[표시])-ROW(INDEX(할일표[표시],1))+1),5))),"")} | P52: {=IFERROR(IF(COUNTIFS(할일표[날짜],N$47,할일표[업무],"<>")<5,"",INDEX(할일표[업무],SMALL(IF((할일표[날짜]=N$47)*(할일표[업무]<>""),ROW(할일표[날짜])-피벗!$T$11),5))),"")} | Q52: {=IFERROR(IF(COUNTIFS(할일표[날짜],N$47,할일표[업무],"<>")<5,"",INDEX(할일표[진행률],SMALL(IF((할일표[날짜]=N$47)*(할일표[업무]<>""),ROW(할일표[날짜])-피벗!$T$11),5))),"")} | R52: {=IFERROR(IF(COUNTIFS(할일표[날짜],R$47,할일표[업무],"<>")<5,"",INDEX(구분표[아이콘],MATCH(INDEX(할일표[구분],SMALL(IF((할일표[날짜]=R$47)*(할일표[업무]<>""),ROW(할일표[구분])-ROW(INDEX(할일표[구분],1))+1),5)),구분표[구분],0))),"")} | S52: {=IFERROR(IF(COUNTIFS(할일표[날짜],R$47,할일표[업무],"<>")<5,"",INDEX(할일표[표시],SMALL(IF((할일표[날짜]=R$47)*(할일표[업무]<>""),ROW(할일표[표시])-ROW(INDEX(할일표[표시],1))+1),5))),"")} | T52: {=IFERROR(IF(COUNTIFS(할일표[날짜],R$47,할일표[업무],"<>")<5,"",INDEX(할일표[업무],SMALL(IF((할일표[날짜]=R$47)*(할일표[업무]<>""),ROW(할일표[날짜])-피벗!$T$11),5))),"")} | U52: {=IFERROR(IF(COUNTIFS(할일표[날짜],R$47,할일표[업무],"<>")<5,"",INDEX(할일표[진행률],SMALL(IF((할일표[날짜]=R$47)*(할일표[업무]<>""),ROW(할일표[날짜])-피벗!$T$11),5))),"")} | V52: {=IFERROR(IF(COUNTIFS(할일표[날짜],V$47,할일표[업무],"<>")<5,"",INDEX(구분표[아이콘],MATCH(INDEX(할일표[구분],SMALL(IF((할일표[날짜]=V$47)*(할일표[업무]<>""),ROW(할일표[구분])-ROW(INDEX(할일표[구분],1))+1),5)),구분표[구분],0))),"")} | W52: {=IFERROR(IF(COUNTIFS(할일표[날짜],V$47,할일표[업무],"<>")<5,"",INDEX(할일표[표시],SMALL(IF((할일표[날짜]=V$47)*(할일표[업무]<>""),ROW(할일표[표시])-ROW(INDEX(할일표[표시],1))+1),5))),"")} | X52: {=IFERROR(IF(COUNTIFS(할일표[날짜],V$47,할일표[업무],"<>")<5,"",INDEX(할일표[업무],SMALL(IF((할일표[날짜]=V$47)*(할일표[업무]<>""),ROW(할일표[날짜])-피벗!$T$11),5))),"")} | Y52: {=IFERROR(IF(COUNTIFS(할일표[날짜],V$47,할일표[업무],"<>")<5,"",INDEX(할일표[진행률],SMALL(IF((할일표[날짜]=V$47)*(할일표[업무]<>""),ROW(할일표[날짜])-피벗!$T$11),5))),"")} | Z52: {=IFERROR(IF(COUNTIFS(할일표[날짜],Z$47,할일표[업무],"<>")<5,"",INDEX(구분표[아이콘],MATCH(INDEX(할일표[구분],SMALL(IF((할일표[날짜]=Z$47)*(할일표[업무]<>""),ROW(할일표[구분])-ROW(INDEX(할일표[구분],1))+1),5)),구분표[구분],0))),"")} | AA52: {=IFERROR(IF(COUNTIFS(할일표[날짜],Z$47,할일표[업무],"<>")<5,"",INDEX(할일표[표시],SMALL(IF((할일표[날짜]=Z$47)*(할일표[업무]<>""),ROW(할일표[표시])-ROW(INDEX(할일표[표시],1))+1),5))),"")} | AB52: {=IFERROR(IF(COUNTIFS(할일표[날짜],Z$47,할일표[업무],"<>")<5,"",INDEX(할일표[업무],SMALL(IF((할일표[날짜]=Z$47)*(할일표[업무]<>""),ROW(할일표[날짜])-피벗!$T$11),5))),"")} | AC52: {=IFERROR(IF(COUNTIFS(할일표[날짜],Z$47,할일표[업무],"<>")<5,"",INDEX(할일표[진행률],SMALL(IF((할일표[날짜]=Z$47)*(할일표[업무]<>""),ROW(할일표[날짜])-피벗!$T$11),5))),"")}
B53: {=IFERROR(IF(COUNTIFS(할일표[날짜],B$47,할일표[업무],"<>")<6,"",INDEX(구분표[아이콘],MATCH(INDEX(할일표[구분],SMALL(IF((할일표[날짜]=B$47)*(할일표[업무]<>""),ROW(할일표[구분])-ROW(INDEX(할일표[구분],1))+1),6)),구분표[구분],0))),"")} | C53: {=IFERROR(IF(COUNTIFS(할일표[날짜],B$47,할일표[업무],"<>")<6,"",INDEX(할일표[표시],SMALL(IF((할일표[날짜]=B$47)*(할일표[업무]<>""),ROW(할일표[표시])-ROW(INDEX(할일표[표시],1))+1),6))),"")} | D53: {=IFERROR(IF(COUNTIFS(할일표[날짜],B$47,할일표[업무],"<>")<6,"",INDEX(할일표[업무],SMALL(IF((할일표[날짜]=B$47)*(할일표[업무]<>""),ROW(할일표[날짜])-피벗!$T$11),6))),"")} | E53: {=IFERROR(IF(COUNTIFS(할일표[날짜],B$47,할일표[업무],"<>")<6,"",INDEX(할일표[진행률],SMALL(IF((할일표[날짜]=B$47)*(할일표[업무]<>""),ROW(할일표[날짜])-피벗!$T$11),6))),"")} | F53: {=IFERROR(IF(COUNTIFS(할일표[날짜],F$47,할일표[업무],"<>")<6,"",INDEX(구분표[아이콘],MATCH(INDEX(할일표[구분],SMALL(IF((할일표[날짜]=F$47)*(할일표[업무]<>""),ROW(할일표[구분])-ROW(INDEX(할일표[구분],1))+1),6)),구분표[구분],0))),"")} | G53: {=IFERROR(IF(COUNTIFS(할일표[날짜],F$47,할일표[업무],"<>")<6,"",INDEX(할일표[표시],SMALL(IF((할일표[날짜]=F$47)*(할일표[업무]<>""),ROW(할일표[표시])-ROW(INDEX(할일표[표시],1))+1),6))),"")} | H53: {=IFERROR(IF(COUNTIFS(할일표[날짜],F$47,할일표[업무],"<>")<6,"",INDEX(할일표[업무],SMALL(IF((할일표[날짜]=F$47)*(할일표[업무]<>""),ROW(할일표[날짜])-피벗!$T$11),6))),"")} | I53: {=IFERROR(IF(COUNTIFS(할일표[날짜],F$47,할일표[업무],"<>")<6,"",INDEX(할일표[진행률],SMALL(IF((할일표[날짜]=F$47)*(할일표[업무]<>""),ROW(할일표[날짜])-피벗!$T$11),6))),"")} | J53: {=IFERROR(IF(COUNTIFS(할일표[날짜],J$47,할일표[업무],"<>")<6,"",INDEX(구분표[아이콘],MATCH(INDEX(할일표[구분],SMALL(IF((할일표[날짜]=J$47)*(할일표[업무]<>""),ROW(할일표[구분])-ROW(INDEX(할일표[구분],1))+1),6)),구분표[구분],0))),"")} | K53: {=IFERROR(IF(COUNTIFS(할일표[날짜],J$47,할일표[업무],"<>")<6,"",INDEX(할일표[표시],SMALL(IF((할일표[날짜]=J$47)*(할일표[업무]<>""),ROW(할일표[표시])-ROW(INDEX(할일표[표시],1))+1),6))),"")} | L53: {=IFERROR(IF(COUNTIFS(할일표[날짜],J$47,할일표[업무],"<>")<6,"",INDEX(할일표[업무],SMALL(IF((할일표[날짜]=J$47)*(할일표[업무]<>""),ROW(할일표[날짜])-피벗!$T$11),6))),"")} | M53: {=IFERROR(IF(COUNTIFS(할일표[날짜],J$47,할일표[업무],"<>")<6,"",INDEX(할일표[진행률],SMALL(IF((할일표[날짜]=J$47)*(할일표[업무]<>""),ROW(할일표[날짜])-피벗!$T$11),6))),"")} | N53: {=IFERROR(IF(COUNTIFS(할일표[날짜],N$47,할일표[업무],"<>")<6,"",INDEX(구분표[아이콘],MATCH(INDEX(할일표[구분],SMALL(IF((할일표[날짜]=N$47)*(할일표[업무]<>""),ROW(할일표[구분])-ROW(INDEX(할일표[구분],1))+1),6)),구분표[구분],0))),"")} | O53: {=IFERROR(IF(COUNTIFS(할일표[날짜],N$47,할일표[업무],"<>")<6,"",INDEX(할일표[표시],SMALL(IF((할일표[날짜]=N$47)*(할일표[업무]<>""),ROW(할일표[표시])-ROW(INDEX(할일표[표시],1))+1),6))),"")} | P53: {=IFERROR(IF(COUNTIFS(할일표[날짜],N$47,할일표[업무],"<>")<6,"",INDEX(할일표[업무],SMALL(IF((할일표[날짜]=N$47)*(할일표[업무]<>""),ROW(할일표[날짜])-피벗!$T$11),6))),"")} | Q53: {=IFERROR(IF(COUNTIFS(할일표[날짜],N$47,할일표[업무],"<>")<6,"",INDEX(할일표[진행률],SMALL(IF((할일표[날짜]=N$47)*(할일표[업무]<>""),ROW(할일표[날짜])-피벗!$T$11),6))),"")} | R53: {=IFERROR(IF(COUNTIFS(할일표[날짜],R$47,할일표[업무],"<>")<6,"",INDEX(구분표[아이콘],MATCH(INDEX(할일표[구분],SMALL(IF((할일표[날짜]=R$47)*(할일표[업무]<>""),ROW(할일표[구분])-ROW(INDEX(할일표[구분],1))+1),6)),구분표[구분],0))),"")} | S53: {=IFERROR(IF(COUNTIFS(할일표[날짜],R$47,할일표[업무],"<>")<6,"",INDEX(할일표[표시],SMALL(IF((할일표[날짜]=R$47)*(할일표[업무]<>""),ROW(할일표[표시])-ROW(INDEX(할일표[표시],1))+1),6))),"")} | T53: {=IFERROR(IF(COUNTIFS(할일표[날짜],R$47,할일표[업무],"<>")<6,"",INDEX(할일표[업무],SMALL(IF((할일표[날짜]=R$47)*(할일표[업무]<>""),ROW(할일표[날짜])-피벗!$T$11),6))),"")} | U53: {=IFERROR(IF(COUNTIFS(할일표[날짜],R$47,할일표[업무],"<>")<6,"",INDEX(할일표[진행률],SMALL(IF((할일표[날짜]=R$47)*(할일표[업무]<>""),ROW(할일표[날짜])-피벗!$T$11),6))),"")} | V53: {=IFERROR(IF(COUNTIFS(할일표[날짜],V$47,할일표[업무],"<>")<6,"",INDEX(구분표[아이콘],MATCH(INDEX(할일표[구분],SMALL(IF((할일표[날짜]=V$47)*(할일표[업무]<>""),ROW(할일표[구분])-ROW(INDEX(할일표[구분],1))+1),6)),구분표[구분],0))),"")} | W53: {=IFERROR(IF(COUNTIFS(할일표[날짜],V$47,할일표[업무],"<>")<6,"",INDEX(할일표[표시],SMALL(IF((할일표[날짜]=V$47)*(할일표[업무]<>""),ROW(할일표[표시])-ROW(INDEX(할일표[표시],1))+1),6))),"")} | X53: {=IFERROR(IF(COUNTIFS(할일표[날짜],V$47,할일표[업무],"<>")<6,"",INDEX(할일표[업무],SMALL(IF((할일표[날짜]=V$47)*(할일표[업무]<>""),ROW(할일표[날짜])-피벗!$T$11),6))),"")} | Y53: {=IFERROR(IF(COUNTIFS(할일표[날짜],V$47,할일표[업무],"<>")<6,"",INDEX(할일표[진행률],SMALL(IF((할일표[날짜]=V$47)*(할일표[업무]<>""),ROW(할일표[날짜])-피벗!$T$11),6))),"")} | Z53: {=IFERROR(IF(COUNTIFS(할일표[날짜],Z$47,할일표[업무],"<>")<6,"",INDEX(구분표[아이콘],MATCH(INDEX(할일표[구분],SMALL(IF((할일표[날짜]=Z$47)*(할일표[업무]<>""),ROW(할일표[구분])-ROW(INDEX(할일표[구분],1))+1),6)),구분표[구분],0))),"")} | AA53: {=IFERROR(IF(COUNTIFS(할일표[날짜],Z$47,할일표[업무],"<>")<6,"",INDEX(할일표[표시],SMALL(IF((할일표[날짜]=Z$47)*(할일표[업무]<>""),ROW(할일표[표시])-ROW(INDEX(할일표[표시],1))+1),6))),"")} | AB53: {=IFERROR(IF(COUNTIFS(할일표[날짜],Z$47,할일표[업무],"<>")<6,"",INDEX(할일표[업무],SMALL(IF((할일표[날짜]=Z$47)*(할일표[업무]<>""),ROW(할일표[날짜])-피벗!$T$11),6))),"")} | AC53: {=IFERROR(IF(COUNTIFS(할일표[날짜],Z$47,할일표[업무],"<>")<6,"",INDEX(할일표[진행률],SMALL(IF((할일표[날짜]=Z$47)*(할일표[업무]<>""),ROW(할일표[날짜])-피벗!$T$11),6))),"")}
B54: {=IFERROR(IF(COUNTIFS(할일표[날짜],B$47,할일표[업무],"<>")<7,"",INDEX(구분표[아이콘],MATCH(INDEX(할일표[구분],SMALL(IF((할일표[날짜]=B$47)*(할일표[업무]<>""),ROW(할일표[구분])-ROW(INDEX(할일표[구분],1))+1),7)),구분표[구분],0))),"")} | C54: {=IFERROR(IF(COUNTIFS(할일표[날짜],B$47,할일표[업무],"<>")<7,"",INDEX(할일표[표시],SMALL(IF((할일표[날짜]=B$47)*(할일표[업무]<>""),ROW(할일표[표시])-ROW(INDEX(할일표[표시],1))+1),7))),"")} | D54: {=IFERROR(IF(COUNTIFS(할일표[날짜],B$47,할일표[업무],"<>")<7,"",INDEX(할일표[업무],SMALL(IF((할일표[날짜]=B$47)*(할일표[업무]<>""),ROW(할일표[날짜])-피벗!$T$11),7))),"")} | E54: {=IFERROR(IF(COUNTIFS(할일표[날짜],B$47,할일표[업무],"<>")<7,"",INDEX(할일표[진행률],SMALL(IF((할일표[날짜]=B$47)*(할일표[업무]<>""),ROW(할일표[날짜])-피벗!$T$11),7))),"")} | F54: {=IFERROR(IF(COUNTIFS(할일표[날짜],F$47,할일표[업무],"<>")<7,"",INDEX(구분표[아이콘],MATCH(INDEX(할일표[구분],SMALL(IF((할일표[날짜]=F$47)*(할일표[업무]<>""),ROW(할일표[구분])-ROW(INDEX(할일표[구분],1))+1),7)),구분표[구분],0))),"")} | G54: {=IFERROR(IF(COUNTIFS(할일표[날짜],F$47,할일표[업무],"<>")<7,"",INDEX(할일표[표시],SMALL(IF((할일표[날짜]=F$47)*(할일표[업무]<>""),ROW(할일표[표시])-ROW(INDEX(할일표[표시],1))+1),7))),"")} | H54: {=IFERROR(IF(COUNTIFS(할일표[날짜],F$47,할일표[업무],"<>")<7,"",INDEX(할일표[업무],SMALL(IF((할일표[날짜]=F$47)*(할일표[업무]<>""),ROW(할일표[날짜])-피벗!$T$11),7))),"")} | I54: {=IFERROR(IF(COUNTIFS(할일표[날짜],F$47,할일표[업무],"<>")<7,"",INDEX(할일표[진행률],SMALL(IF((할일표[날짜]=F$47)*(할일표[업무]<>""),ROW(할일표[날짜])-피벗!$T$11),7))),"")} | J54: {=IFERROR(IF(COUNTIFS(할일표[날짜],J$47,할일표[업무],"<>")<7,"",INDEX(구분표[아이콘],MATCH(INDEX(할일표[구분],SMALL(IF((할일표[날짜]=J$47)*(할일표[업무]<>""),ROW(할일표[구분])-ROW(INDEX(할일표[구분],1))+1),7)),구분표[구분],0))),"")} | K54: {=IFERROR(IF(COUNTIFS(할일표[날짜],J$47,할일표[업무],"<>")<7,"",INDEX(할일표[표시],SMALL(IF((할일표[날짜]=J$47)*(할일표[업무]<>""),ROW(할일표[표시])-ROW(INDEX(할일표[표시],1))+1),7))),"")} | L54: {=IFERROR(IF(COUNTIFS(할일표[날짜],J$47,할일표[업무],"<>")<7,"",INDEX(할일표[업무],SMALL(IF((할일표[날짜]=J$47)*(할일표[업무]<>""),ROW(할일표[날짜])-피벗!$T$11),7))),"")} | M54: {=IFERROR(IF(COUNTIFS(할일표[날짜],J$47,할일표[업무],"<>")<7,"",INDEX(할일표[진행률],SMALL(IF((할일표[날짜]=J$47)*(할일표[업무]<>""),ROW(할일표[날짜])-피벗!$T$11),7))),"")} | N54: {=IFERROR(IF(COUNTIFS(할일표[날짜],N$47,할일표[업무],"<>")<7,"",INDEX(구분표[아이콘],MATCH(INDEX(할일표[구분],SMALL(IF((할일표[날짜]=N$47)*(할일표[업무]<>""),ROW(할일표[구분])-ROW(INDEX(할일표[구분],1))+1),7)),구분표[구분],0))),"")} | O54: {=IFERROR(IF(COUNTIFS(할일표[날짜],N$47,할일표[업무],"<>")<7,"",INDEX(할일표[표시],SMALL(IF((할일표[날짜]=N$47)*(할일표[업무]<>""),ROW(할일표[표시])-ROW(INDEX(할일표[표시],1))+1),7))),"")} | P54: {=IFERROR(IF(COUNTIFS(할일표[날짜],N$47,할일표[업무],"<>")<7,"",INDEX(할일표[업무],SMALL(IF((할일표[날짜]=N$47)*(할일표[업무]<>""),ROW(할일표[날짜])-피벗!$T$11),7))),"")} | Q54: {=IFERROR(IF(COUNTIFS(할일표[날짜],N$47,할일표[업무],"<>")<7,"",INDEX(할일표[진행률],SMALL(IF((할일표[날짜]=N$47)*(할일표[업무]<>""),ROW(할일표[날짜])-피벗!$T$11),7))),"")} | R54: {=IFERROR(IF(COUNTIFS(할일표[날짜],R$47,할일표[업무],"<>")<7,"",INDEX(구분표[아이콘],MATCH(INDEX(할일표[구분],SMALL(IF((할일표[날짜]=R$47)*(할일표[업무]<>""),ROW(할일표[구분])-ROW(INDEX(할일표[구분],1))+1),7)),구분표[구분],0))),"")} | S54: {=IFERROR(IF(COUNTIFS(할일표[날짜],R$47,할일표[업무],"<>")<7,"",INDEX(할일표[표시],SMALL(IF((할일표[날짜]=R$47)*(할일표[업무]<>""),ROW(할일표[표시])-ROW(INDEX(할일표[표시],1))+1),7))),"")} | T54: {=IFERROR(IF(COUNTIFS(할일표[날짜],R$47,할일표[업무],"<>")<7,"",INDEX(할일표[업무],SMALL(IF((할일표[날짜]=R$47)*(할일표[업무]<>""),ROW(할일표[날짜])-피벗!$T$11),7))),"")} | U54: {=IFERROR(IF(COUNTIFS(할일표[날짜],R$47,할일표[업무],"<>")<7,"",INDEX(할일표[진행률],SMALL(IF((할일표[날짜]=R$47)*(할일표[업무]<>""),ROW(할일표[날짜])-피벗!$T$11),7))),"")} | V54: {=IFERROR(IF(COUNTIFS(할일표[날짜],V$47,할일표[업무],"<>")<7,"",INDEX(구분표[아이콘],MATCH(INDEX(할일표[구분],SMALL(IF((할일표[날짜]=V$47)*(할일표[업무]<>""),ROW(할일표[구분])-ROW(INDEX(할일표[구분],1))+1),7)),구분표[구분],0))),"")} | W54: {=IFERROR(IF(COUNTIFS(할일표[날짜],V$47,할일표[업무],"<>")<7,"",INDEX(할일표[표시],SMALL(IF((할일표[날짜]=V$47)*(할일표[업무]<>""),ROW(할일표[표시])-ROW(INDEX(할일표[표시],1))+1),7))),"")} | X54: {=IFERROR(IF(COUNTIFS(할일표[날짜],V$47,할일표[업무],"<>")<7,"",INDEX(할일표[업무],SMALL(IF((할일표[날짜]=V$47)*(할일표[업무]<>""),ROW(할일표[날짜])-피벗!$T$11),7))),"")} | Y54: {=IFERROR(IF(COUNTIFS(할일표[날짜],V$47,할일표[업무],"<>")<7,"",INDEX(할일표[진행률],SMALL(IF((할일표[날짜]=V$47)*(할일표[업무]<>""),ROW(할일표[날짜])-피벗!$T$11),7))),"")} | Z54: {=IFERROR(IF(COUNTIFS(할일표[날짜],Z$47,할일표[업무],"<>")<7,"",INDEX(구분표[아이콘],MATCH(INDEX(할일표[구분],SMALL(IF((할일표[날짜]=Z$47)*(할일표[업무]<>""),ROW(할일표[구분])-ROW(INDEX(할일표[구분],1))+1),7)),구분표[구분],0))),"")} | AA54: {=IFERROR(IF(COUNTIFS(할일표[날짜],Z$47,할일표[업무],"<>")<7,"",INDEX(할일표[표시],SMALL(IF((할일표[날짜]=Z$47)*(할일표[업무]<>""),ROW(할일표[표시])-ROW(INDEX(할일표[표시],1))+1),7))),"")} | AB54: {=IFERROR(IF(COUNTIFS(할일표[날짜],Z$47,할일표[업무],"<>")<7,"",INDEX(할일표[업무],SMALL(IF((할일표[날짜]=Z$47)*(할일표[업무]<>""),ROW(할일표[날짜])-피벗!$T$11),7))),"")} | AC54: {=IFERROR(IF(COUNTIFS(할일표[날짜],Z$47,할일표[업무],"<>")<7,"",INDEX(할일표[진행률],SMALL(IF((할일표[날짜]=Z$47)*(할일표[업무]<>""),ROW(할일표[날짜])-피벗!$T$11),7))),"")}
B55: {=IFERROR(IF(COUNTIFS(할일표[날짜],B$47,할일표[업무],"<>")<8,"",INDEX(구분표[아이콘],MATCH(INDEX(할일표[구분],SMALL(IF((할일표[날짜]=B$47)*(할일표[업무]<>""),ROW(할일표[구분])-ROW(INDEX(할일표[구분],1))+1),8)),구분표[구분],0))),"")} | C55: {=IFERROR(IF(COUNTIFS(할일표[날짜],B$47,할일표[업무],"<>")<8,"",INDEX(할일표[표시],SMALL(IF((할일표[날짜]=B$47)*(할일표[업무]<>""),ROW(할일표[표시])-ROW(INDEX(할일표[표시],1))+1),8))),"")} | D55: {=IFERROR(IF(COUNTIFS(할일표[날짜],B$47,할일표[업무],"<>")<8,"",INDEX(할일표[업무],SMALL(IF((할일표[날짜]=B$47)*(할일표[업무]<>""),ROW(할일표[날짜])-피벗!$T$11),8))),"")} | E55: {=IFERROR(IF(COUNTIFS(할일표[날짜],B$47,할일표[업무],"<>")<8,"",INDEX(할일표[진행률],SMALL(IF((할일표[날짜]=B$47)*(할일표[업무]<>""),ROW(할일표[날짜])-피벗!$T$11),8))),"")} | F55: {=IFERROR(IF(COUNTIFS(할일표[날짜],F$47,할일표[업무],"<>")<8,"",INDEX(구분표[아이콘],MATCH(INDEX(할일표[구분],SMALL(IF((할일표[날짜]=F$47)*(할일표[업무]<>""),ROW(할일표[구분])-ROW(INDEX(할일표[구분],1))+1),8)),구분표[구분],0))),"")} | G55: {=IFERROR(IF(COUNTIFS(할일표[날짜],F$47,할일표[업무],"<>")<8,"",INDEX(할일표[표시],SMALL(IF((할일표[날짜]=F$47)*(할일표[업무]<>""),ROW(할일표[표시])-ROW(INDEX(할일표[표시],1))+1),8))),"")} | H55: {=IFERROR(IF(COUNTIFS(할일표[날짜],F$47,할일표[업무],"<>")<8,"",INDEX(할일표[업무],SMALL(IF((할일표[날짜]=F$47)*(할일표[업무]<>""),ROW(할일표[날짜])-피벗!$T$11),8))),"")} | I55: {=IFERROR(IF(COUNTIFS(할일표[날짜],F$47,할일표[업무],"<>")<8,"",INDEX(할일표[진행률],SMALL(IF((할일표[날짜]=F$47)*(할일표[업무]<>""),ROW(할일표[날짜])-피벗!$T$11),8))),"")} | J55: {=IFERROR(IF(COUNTIFS(할일표[날짜],J$47,할일표[업무],"<>")<8,"",INDEX(구분표[아이콘],MATCH(INDEX(할일표[구분],SMALL(IF((할일표[날짜]=J$47)*(할일표[업무]<>""),ROW(할일표[구분])-ROW(INDEX(할일표[구분],1))+1),8)),구분표[구분],0))),"")} | K55: {=IFERROR(IF(COUNTIFS(할일표[날짜],J$47,할일표[업무],"<>")<8,"",INDEX(할일표[표시],SMALL(IF((할일표[날짜]=J$47)*(할일표[업무]<>""),ROW(할일표[표시])-ROW(INDEX(할일표[표시],1))+1),8))),"")} | L55: {=IFERROR(IF(COUNTIFS(할일표[날짜],J$47,할일표[업무],"<>")<8,"",INDEX(할일표[업무],SMALL(IF((할일표[날짜]=J$47)*(할일표[업무]<>""),ROW(할일표[날짜])-피벗!$T$11),8))),"")} | M55: {=IFERROR(IF(COUNTIFS(할일표[날짜],J$47,할일표[업무],"<>")<8,"",INDEX(할일표[진행률],SMALL(IF((할일표[날짜]=J$47)*(할일표[업무]<>""),ROW(할일표[날짜])-피벗!$T$11),8))),"")} | N55: {=IFERROR(IF(COUNTIFS(할일표[날짜],N$47,할일표[업무],"<>")<8,"",INDEX(구분표[아이콘],MATCH(INDEX(할일표[구분],SMALL(IF((할일표[날짜]=N$47)*(할일표[업무]<>""),ROW(할일표[구분])-ROW(INDEX(할일표[구분],1))+1),8)),구분표[구분],0))),"")} | O55: {=IFERROR(IF(COUNTIFS(할일표[날짜],N$47,할일표[업무],"<>")<8,"",INDEX(할일표[표시],SMALL(IF((할일표[날짜]=N$47)*(할일표[업무]<>""),ROW(할일표[표시])-ROW(INDEX(할일표[표시],1))+1),8))),"")} | P55: {=IFERROR(IF(COUNTIFS(할일표[날짜],N$47,할일표[업무],"<>")<8,"",INDEX(할일표[업무],SMALL(IF((할일표[날짜]=N$47)*(할일표[업무]<>""),ROW(할일표[날짜])-피벗!$T$11),8))),"")} | Q55: {=IFERROR(IF(COUNTIFS(할일표[날짜],N$47,할일표[업무],"<>")<8,"",INDEX(할일표[진행률],SMALL(IF((할일표[날짜]=N$47)*(할일표[업무]<>""),ROW(할일표[날짜])-피벗!$T$11),8))),"")} | R55: {=IFERROR(IF(COUNTIFS(할일표[날짜],R$47,할일표[업무],"<>")<8,"",INDEX(구분표[아이콘],MATCH(INDEX(할일표[구분],SMALL(IF((할일표[날짜]=R$47)*(할일표[업무]<>""),ROW(할일표[구분])-ROW(INDEX(할일표[구분],1))+1),8)),구분표[구분],0))),"")} | S55: {=IFERROR(IF(COUNTIFS(할일표[날짜],R$47,할일표[업무],"<>")<8,"",INDEX(할일표[표시],SMALL(IF((할일표[날짜]=R$47)*(할일표[업무]<>""),ROW(할일표[표시])-ROW(INDEX(할일표[표시],1))+1),8))),"")} | T55: {=IFERROR(IF(COUNTIFS(할일표[날짜],R$47,할일표[업무],"<>")<8,"",INDEX(할일표[업무],SMALL(IF((할일표[날짜]=R$47)*(할일표[업무]<>""),ROW(할일표[날짜])-피벗!$T$11),8))),"")} | U55: {=IFERROR(IF(COUNTIFS(할일표[날짜],R$47,할일표[업무],"<>")<8,"",INDEX(할일표[진행률],SMALL(IF((할일표[날짜]=R$47)*(할일표[업무]<>""),ROW(할일표[날짜])-피벗!$T$11),8))),"")} | V55: {=IFERROR(IF(COUNTIFS(할일표[날짜],V$47,할일표[업무],"<>")<8,"",INDEX(구분표[아이콘],MATCH(INDEX(할일표[구분],SMALL(IF((할일표[날짜]=V$47)*(할일표[업무]<>""),ROW(할일표[구분])-ROW(INDEX(할일표[구분],1))+1),8)),구분표[구분],0))),"")} | W55: {=IFERROR(IF(COUNTIFS(할일표[날짜],V$47,할일표[업무],"<>")<8,"",INDEX(할일표[표시],SMALL(IF((할일표[날짜]=V$47)*(할일표[업무]<>""),ROW(할일표[표시])-ROW(INDEX(할일표[표시],1))+1),8))),"")} | X55: {=IFERROR(IF(COUNTIFS(할일표[날짜],V$47,할일표[업무],"<>")<8,"",INDEX(할일표[업무],SMALL(IF((할일표[날짜]=V$47)*(할일표[업무]<>""),ROW(할일표[날짜])-피벗!$T$11),8))),"")} | Y55: {=IFERROR(IF(COUNTIFS(할일표[날짜],V$47,할일표[업무],"<>")<8,"",INDEX(할일표[진행률],SMALL(IF((할일표[날짜]=V$47)*(할일표[업무]<>""),ROW(할일표[날짜])-피벗!$T$11),8))),"")} | Z55: {=IFERROR(IF(COUNTIFS(할일표[날짜],Z$47,할일표[업무],"<>")<8,"",INDEX(구분표[아이콘],MATCH(INDEX(할일표[구분],SMALL(IF((할일표[날짜]=Z$47)*(할일표[업무]<>""),ROW(할일표[구분])-ROW(INDEX(할일표[구분],1))+1),8)),구분표[구분],0))),"")} | AA55: {=IFERROR(IF(COUNTIFS(할일표[날짜],Z$47,할일표[업무],"<>")<8,"",INDEX(할일표[표시],SMALL(IF((할일표[날짜]=Z$47)*(할일표[업무]<>""),ROW(할일표[표시])-ROW(INDEX(할일표[표시],1))+1),8))),"")} | AB55: {=IFERROR(IF(COUNTIFS(할일표[날짜],Z$47,할일표[업무],"<>")<8,"",INDEX(할일표[업무],SMALL(IF((할일표[날짜]=Z$47)*(할일표[업무]<>""),ROW(할일표[날짜])-피벗!$T$11),8))),"")} | AC55: {=IFERROR(IF(COUNTIFS(할일표[날짜],Z$47,할일표[업무],"<>")<8,"",INDEX(할일표[진행률],SMALL(IF((할일표[날짜]=Z$47)*(할일표[업무]<>""),ROW(할일표[날짜])-피벗!$T$11),8))),"")}

Sheet 할일
M2: Note | P2: Check List | Q2: 월 | R2: 화 | S2: 수 | T2: 목 | U2: 금 | V2: 토 | W2: 일
L3: 메모장 좋은데? | M3: 간단한 노트로 활용 '표시' 열 수식 삭제 금지 | P3: 루틴1 | Q3: 1 | S3: 1 | U3: 1
P4: 루틴2 | Q4: 1 | R4: 1 | S4: 1 | T4: 1 | U4: 1 | V4: 1 | W4: 1
P5: 루틴3 | Q5: 1 | R5: 1 | S5: 1 | T5: 1 | U5: 1
B9: 구분 | C9: 날짜 | D9: 카테고리 | E9: 우선순위 | F9: 표시 | G9: 업무 | H9: 진행률 | I9: 비고 | J9: 상태
B10: 일정 | C10: 46281 | D10: 프로모션 | E10: 높음 | F10: =IFERROR(MATCH($E10,{"낮음","중간","높음"},0),"") -> 3 | G10: 10:00 신제품 프로모션 미팅 | I10: 회의실 | J10: =IF(H10=1,"완료",IF(H10=0,"시작전","진행중")) -> 시작전
B11: 할일 | C11: 46281 | D11: 프로모션 | E11: 중간 | F11: =IFERROR(MATCH($E11,{"낮음","중간","높음"},0),"") -> 2 | G11: 블로그 초안 작성 | H11: 0.9 | J11: =IF(H11=1,"완료",IF(H11=0,"시작전","진행중")) -> 진행중
B12: 할일 | C12: 46282 | D12: 프로모션 | E12: 낮음 | F12: =IFERROR(MATCH($E12,{"낮음","중간","높음"},0),"") -> 1 | G12: 블로그 포스팅 | H12: 0.5 | J12: =IF(H12=1,"완료",IF(H12=0,"시작전","진행중")) -> 진행중
B13: 할일 | C13: 46283 | D13: 프로모션 | E13: 높음 | F13: =IFERROR(MATCH($E13,{"낮음","중간","높음"},0),"") -> 3 | G13: 카드뉴스 기획 | H13: 1 | J13: =IF(H13=1,"완료",IF(H13=0,"시작전","진행중")) -> 완료
B14: 할일 | C14: 46284 | D14: 프로모션 | E14: 중간 | F14: =IFERROR(MATCH($E14,{"낮음","중간","높음"},0),"") -> 2 | G14: 카드뉴스 초안 작성 | H14: 1 | J14: =IF(H14=1,"완료",IF(H14=0,"시작전","진행중")) -> 완료
B15: 할일 | C15: 46285 | D15: 프로모션 | E15: 낮음 | F15: =IFERROR(MATCH($E15,{"낮음","중간","높음"},0),"") -> 1 | G15: 카드뉴스 포스팅 | J15: =IF(H15=1,"완료",IF(H15=0,"시작전","진행중")) -> 시작전
B16: 할일 | C16: 46286 | D16: 프로모션 | E16: 높음 | F16: =IFERROR(MATCH($E16,{"낮음","중간","높음"},0),"") -> 3 | G16: 이메일 뉴스레터 기획 | H16: 0.25 | J16: =IF(H16=1,"완료",IF(H16=0,"시작전","진행중")) -> 진행중
B17: 할일 | C17: 46287 | D17: 프로모션 | E17: 중간 | F17: =IFERROR(MATCH($E17,{"낮음","중간","높음"},0),"") -> 2 | G17: 이메일 뉴스레터 초안 작성 | J17: =IF(H17=1,"완료",IF(H17=0,"시작전","진행중")) -> 시작전
B18: 할일 | C18: 46288 | D18: 프로모션 | E18: 낮음 | F18: =IFERROR(MATCH($E18,{"낮음","중간","높음"},0),"") -> 1 | G18: 이메일 뉴스레터 발행 | J18: =IF(H18=1,"완료",IF(H18=0,"시작전","진행중")) -> 시작전
B19: 일정 | C19: 46289 | D19: 프로모션 | E19: 낮음 | F19: =IFERROR(MATCH($E19,{"낮음","중간","높음"},0),"") -> 1 | G19: 11:00 미팅 | H19: 1 | J19: =IF(H19=1,"완료",IF(H19=0,"시작전","진행중")) -> 완료

Sheet 만다라트
B4: Mandala Goal Chart | K4: 실행 방안 | M4: 실행 방안 | O4: 실행 방안
K6: 실행 방안 | M6: 세부 목표 | O6: 실행 방안 | S6: 세부 목표 | Y6: 세부 목표
K8: 실행 방안 | M8: 실행 방안 | O8: 실행 방안
Q10: 세부 목표 | S10: 세부 목표 | U10: 세부 목표
M12: 세부 목표 | Q12: 세부 목표 | S12: 핵심 목표 | U12: 세부 목표 | Y12: 세부 목표
Q14: 세부 목표 | S14: 세부 목표 | U14: 세부 목표
M18: 세부 목표 | S18: 세부 목표 | Y18: 세부 목표

Sheet 세팅
B2: 달력 아이콘을 변경하고 싶을 때 추가 및 수정해주세요.
B3: (할일 시트 구분 세팅)
B5: 아이콘 단축키 : 셀 더블 클릭 후 Win + V - 이모지
B7: 구분 | C7: 아이콘
B8: 일정 | C8: 🗓️
B9: 할일

Sheet 설명서
B2: (엑셀 2013 버전 이상에서 사용)
B4: 안녕하세요 김짠짠입니다:)
B6: 간단하게 할 일을 정리하고 싶은 분께 도움이 되도록 만들었어요.
B7: 할일 시트에 업무를 입력하면 달력 시트에 자동 반영되어,
B8: 해야할 일을 한 눈에 확인할 수 있습니다.
B10: 자세한 설명이 필요하면 아래 설명서 링크를 확인해 주세요.
B11: To do list를 더 편하게 활용할 수 있는 꿀팁을 얻어가실 수 있어요.
B13: 설명서(엑셀): | C13: https://b6i5gk.short.gy/manual_2.0
B14: 설명서(구글): | C14: https://b6i5gk.short.gy/manual_1.0_google
B16: 사용해보신 후 피드백을 남겨주시면 더 좋은 템플릿을 만드는 데 큰 도움이 됩니다.
B17: 댓글, 설문조사, 카카오톡 채팅 등 편하신 방법으로 남겨주세요.
B18: 설문조사: | C18: https://b6i5gK.short.gy/free_survey
B20: 런칭 기간에 시리즈로 공개되는 영상에도 댓글로 참여해 주시면 감사하겠습니다.
B21: 유용하게 사용하시기 바래요:)
B24: 김짠짠 드림
C28: 웹사이트 : @zzan_excel
C29: https://litt.ly/zzan_excel
C31: 인스타그램 : @zzan_excel
C32: https://b6i5gK.short.gy/Instagram
C34: 쓰레드 : @zzan_excel
C35: https://b6i5gK.short.gy/threads
C37: 유튜브 : 짠엑셀
C38: https://b6i5gK.short.gy/youtube
C40: 블로그 : 김짠짠
C41: https://b6i5gK.short.gy/blog

Sheet 피벗
D2: <달력> | F2: <주간 달력> | H2: <주차> | T2: <달력> | Y2: 시작일 | AA2: 행 레이블
A3: 월 | B3: 월1 | D3: 행 레이블 | F3: 행 레이블 | H3: 행 레이블 | J3: 총합계 | K3: =IFERROR(GETPIVOTDATA("업무",$J$13), 0) -> 10 | O3: 업무 | P3: 완료 | Q3: 레이블 | T3: 2026 | U3: =피벗!D4 -> 9 | V3: =DATE(T3,U3,1) -> 46266 | W3: =WEEKDAY(V3,1) -> 3 | Y3: 월요일 | AA3: 일요일
A4: 1 | B4: 1월 | D4: 9 | F4: 3 | H4: 4 | J4: 시작전 | K4: =IFERROR(GETPIVOTDATA("업무",$J$13,"상태","시작전"),0) -> 4 | N4: 높음 | O4: =IFERROR(GETPIVOTDATA("업무",$J$13,"우선순위","높음"),0) -> 3 | P4: =IFERROR(GETPIVOTDATA("업무",$J$13,"우선순위","높음","상태","완료"),0) -> 1 | Q4: =IF(O4=0,"",P4&" / "&O4) -> 1 / 3 | T4: =T3 -> 2026 | U4: =U3 -> 9 | W4: =WEEKDAY(V3,2) -> 2 | Y4: 일요일 | AA4: 총합계
A5: 2 | B5: 2월 | D5: 총합계 | F5: 총합계 | H5: 총합계 | J5: 진행중 | K5: =IFERROR(GETPIVOTDATA("업무",$J$13,"상태","진행중"), 0) -> 3 | N5: 중간 | O5: =IFERROR(GETPIVOTDATA("업무",$J$13,"우선순위","중간"),0) -> 3 | P5: =IFERROR(GETPIVOTDATA("업무",$J$13,"우선순위","중간","상태","완료"),0) -> 1 | Q5: =IF(O5=0,"",P5&" / "&O5) -> 1 / 3
A6: 3 | B6: 3월 | J6: 완료 | K6: =IFERROR(GETPIVOTDATA("업무",$J$13,"상태","완료"), 0) -> 3 | N6: 낮음 | O6: =IFERROR(GETPIVOTDATA("업무",$J$13,"우선순위","낮음"),0) -> 4 | P6: =IFERROR(GETPIVOTDATA("업무",$J$13,"우선순위","낮음","상태","완료"),0) -> 1 | Q6: =IF(O6=0,"",P6&" / "&O6) -> 1 / 4 | T6: <주간 달력>
A7: 4 | B7: 4월 | N7: 빈칸 | O7: =IFERROR(GETPIVOTDATA("업무",$J$13,"우선순위",),0) -> 0 | P7: =IFERROR(GETPIVOTDATA("업무",$J$13,"우선순위",,"상태","완료"),0) -> 0 | Q7: =IF(O7=0,"",P7&" / "&O7) | T7: 2026 | U7: =피벗!F4 -> 3 | V7: =DATE(T7,U7,1) -> 46082 | W7: =WEEKDAY(V7,1) -> 1
A8: 5 | B8: 5월 | N8: 총합계 | O8: =IFERROR(GETPIVOTDATA("업무",$J$13),0) -> 10 | P8: =IFERROR(GETPIVOTDATA("업무",$J$13,"상태","완료"),0) -> 3 | Q8: =IF(O8=0,"",P8&" / "&O8) -> 3 / 10 | T8: =T7 -> 2026 | U8: =U7 -> 3 | V8: =DATE(T7,U7,1)+IF(WEEKDAY(DATE(T7,U7,1),2)<=4,-(WEEKDAY(DATE(T7,U7,1),2)-1),8-WEEKDAY(DATE(T7,U7,1),2)) -> 46083 | W8: =WEEKDAY(V7,2) -> 7
A9: 6 | B9: 6월 | AA9: 행 레이블
A10: 7 | B10: 7월 | O10: 완료율 | P10: 남은퍼센트 | T10: <할일 시트 첫 행 번호> | AA10: 월요일
A11: 8 | B11: 8월 | O11: =IFERROR(P8/O8,0) -> 0.3 | P11: =1-O11 -> 0.7 | T11: =ROW(할일표[[#Headers],[구분]]) -> 9 | AA11: 총합계
A12: 9 | B12: 9월
A13: 10 | B13: 10월 | J13: 개수 : 업무 | K13: 열 레이블
A14: 11 | B14: 11월 | J14: 행 레이블 | K14: 시작전 | L14: 완료 | M14: 진행중 | N14: 총합계
A15: 12 | B15: 12월 | J15: 높음 | K15: 1 | L15: 1 | M15: 1 | N15: 3
J16: 중간 | K16: 1 | L16: 1 | M16: 1 | N16: 3
J17: 낮음 | K17: 2 | L17: 1 | M17: 1 | N17: 4
A18: 주차 | J18: 총합계 | K18: 4 | L18: 3 | M18: 3 | N18: 10
A19: 1
A20: 2
A21: 3
A22: 4
A23: 5
